date,pagePath,source,medium,adContent,campaign,region,city,uniquePageviews,bounces,timeOnPage,sessions,newUsers,pageviews,exits,sessionDuration
7/1/2018,/welcome-high-school-students/thank-you,google,cpc,Undergraduate Degree Programs,FY2018_Undergrad,Maine,Scarborough,1,0,22,0,0,1,0,0
7/2/2018,/welcome-online-degree-seekers/thank-you,google,cpc,University of Southern Maine,FY2018_Online,Maine,Freeport,1,0,0,0,0,1,1,0
7/2/2018,/welcome-transfer-students/thank-you,google,cpc,Transfer Your Credits,FY2018_Transfer,Connecticut,Greenwich,1,0,21,0,0,1,0,0
7/8/2018,/welcome-high-school-students/thank-you,google,cpc,Undergraduate Degree Programs,FY2018_Undergrad,Maine,Scarborough,1,0,8,0,0,1,0,0
7/10/2018,/here/thank-you,(direct),(none),(not set),(not set),Maine,Lewiston,1,0,0,0,0,1,1,0
7/10/2018,/welcome-high-school-students/thank-you,google,cpc,Undergraduate Degree Programs,FY2018_Undergrad,Massachusetts,Boston,1,0,35,0,0,1,0,0
7/12/2018,/welcome-online-degree-seekers/thank-you,google,cpc,University of Southern Maine,FY2018_Online,Maine,Portland,1,0,21,0,0,1,0,0
7/13/2018,/welcome-graduate-degree-seekers/thank-you,google,cpc,University of Southern Maine,FY2018_Graduate,Virginia,Suffolk,1,0,16,0,0,1,0,0
7/13/2018,/welcome-transfer-students/thank-you,google,cpc,Transfer College,FY2018_Transfer,(not set),Addis Ababa,1,0,35,0,0,1,0,0
7/14/2018,/welcome-transfer-students/thank-you,(direct),(none),(not set),(not set),(not set),Addis Ababa,1,0,91,1,1,1,0,740
7/14/2018,/welcome-transfer-students/thank-you,google,cpc,Earn Your Degree in Maine,FY2018_Transfer,Maine,Madison,1,0,4,0,0,1,0,0
7/14/2018,/welcome-transfer-students/thank-you,google,cpc,Transfer Your Credits,FY2018_Transfer,Maine,Lewiston,1,0,10,0,0,1,0,0
7/17/2018,/communityengagement/thank-you-our-wonderful-2017-2018-doce-team,google,organic,(not set),(not set),Maine,Cumberland,1,0,19,0,0,1,0,0
7/17/2018,/here/thank-you,(direct),(none),(not set),(not set),New Hampshire,Derry,1,0,0,0,0,1,1,0
7/17/2018,/welcome-graduate-degree-seekers/thank-you,google,cpc,University of Southern Maine,FY2018_Graduate,Maine,Falmouth,1,0,20,0,0,1,0,0
7/17/2018,/welcome-graduate-degree-seekers/thank-you,google,cpc,University of Southern Maine,FY2018_Graduate,Maine,Portland,1,0,47,0,0,1,0,0
7/18/2018,/welcome-graduate-degree-seekers/thank-you,google,cpc,Graduate Degree Programs,FY2018_Graduate,Maine,Wells,1,0,33,0,0,1,0,0
7/18/2018,/welcome-online-degree-seekers/thank-you,google,cpc,University of Southern Maine,FY2018_Online,Maine,Wells,1,0,0,0,0,1,1,0
7/20/2018,/welcome-high-school-students/thank-you,google,cpc,Undergraduate Degree Programs,FY2018_Undergrad,Connecticut,Hartford,1,0,10,0,0,1,0,0
7/20/2018,/welcome-high-school-students/thank-you,google,cpc,Undergraduate Degree Programs,FY2018_Undergrad,Minnesota,Minneapolis,1,0,51,0,0,1,0,0
7/20/2018,/welcome-transfer-students/thank-you,google,cpc,Transfer College,FY2018_Transfer,Maine,Bangor,1,0,23,0,0,1,0,0
7/21/2018,/welcome-high-school-students/thank-you,(direct),(none),(not set),(not set),New Jersey,Willingboro,1,0,0,0,0,1,1,0
7/21/2018,/welcome-high-school-students/thank-you,google,cpc,Undergraduate Degree Programs,FY2018_Undergrad,Maine,Norridgewock,1,0,12,0,0,1,0,0
7/25/2018,/welcome-high-school-students/thank-you,google,cpc,Undergraduate Degree Programs,FY2018_Undergrad,Maine,Portland,1,0,10,0,0,1,0,0
7/28/2018,/welcome-graduate-degree-seekers/thank-you,google,cpc,Master's Degree Program,FY2018_Graduate,Maine,Portland,1,0,24,0,0,1,0,0
7/29/2018,/welcome-transfer-students/thank-you,google,cpc,Earn Your Degree in Maine,FY2018_Transfer,England,Nottingham,1,0,16,0,0,1,0,0
8/3/2018,/everyone-high-school-students/thank-you,Facebook,PageLink,AG_HS_UGRetarget,FY2018_Undergrad,Illinois,Chicago,1,0,0,0,0,1,1,0
8/7/2018,/everyone-high-school-students/thank-you,(direct),(none),(not set),(not set),New York,Getzville,1,0,121,0,0,2,0,0
8/7/2018,/everyone-high-school-students/thank-you,google,cpc,Undergraduate Degree Programs,FY2019_Undergrad,Maine,Portland,1,0,9,0,0,1,0,0
8/7/2018,/everyone-high-school-students/thank-you,google,cpc,Undergraduate Degree Programs,FY2019_Undergrad,South-East District,(not set),1,0,266,0,0,1,0,0
8/7/2018,/everyone-online-degree-seekers/thank-you,google,organic,(not set),(not set),Maine,Falmouth,1,0,216,0,0,1,0,0
8/7/2018,/everyone-transfer-students/thank-you,(direct),(none),(not set),(not set),New York,Getzville,1,0,60,0,0,3,0,0
8/9/2018,/everyone-high-school-students/thank-you,Google,CPC,Summer,FY2019_Courses,Maine,Lewiston,1,0,0,0,0,1,1,0
8/10/2018,/everyone-degree-completion/thank-you,Doubleclick Bid Manager,Display,fa19_ag_dbm_disp_hs_ug_s_1,(not set),New York,Getzville,1,0,13,0,0,1,0,0
8/10/2018,/everyone-graduate-degree-seekers/thank-you,Doubleclick Bid Manager,Display,fa19_ag_dbm_disp_hs_ug_s_1,(not set),New York,Getzville,1,0,7,0,0,1,0,0
8/10/2018,/everyone-high-school-students/thank-you,Doubleclick Bid Manager,Display,fa19_ag_dbm_disp_hs_ug_s_1,(not set),New York,Getzville,1,0,12,0,0,1,0,0
8/10/2018,/everyone-high-school-students/thank-you,Google,CPC,Summer,FY2019_Courses,Maine,Auburn,1,0,0,0,0,1,1,0
8/10/2018,/everyone-online-degree-seekers/thank-you,Doubleclick Bid Manager,Display,fa19_ag_dbm_disp_hs_ug_s_1,(not set),New York,Getzville,1,0,113,0,0,3,0,0
8/10/2018,/everyone-transfer-students/thank-you,Doubleclick Bid Manager,Display,fa19_ag_dbm_disp_hs_ug_s_1,(not set),New York,Getzville,1,0,13,0,0,1,0,0
8/12/2018,/everyone-transfer-students/thank-you,google,cpc,Transfer College,FY2019_Transfer,Maine,Bethel,1,0,36,0,0,2,0,0
8/14/2018,/everyone-high-school-students/thank-you,google,cpc,Undergraduate Degree Programs,FY2019_Undergrad,(not set),Belgrade,1,0,13,0,0,2,0,0
8/15/2018,/communityengagement/thank-you-our-wonderful-2017-2018-doce-team,yahoo,organic,(not set),(not set),Maine,Portland,1,0,34,0,0,2,0,0
8/15/2018,/discover/thank-you,(direct),(none),(not set),(not set),Maine,Bangor,1,0,0,1,0,2,1,0
8/15/2018,/discover/thank-you,(direct),(none),(not set),(not set),Massachusetts,Boston,1,0,0,1,0,2,1,0
8/15/2018,/everyone-high-school-students/thank-you,google,cpc,Undergraduate Degree Programs,FY2019_Undergrad,County Louth,Dundalk,1,0,35,0,0,2,0,0
8/16/2018,/everyone-graduate-degree-seekers/thank-you,google,cpc,University of Southern Maine,FY2019_Graduate,Maine,Portland,1,0,8,0,0,2,0,0
8/18/2018,/everyone-high-school-students/thank-you,google,cpc,Undergraduate Degree Programs,FY2019_Undergrad,(not set),Kinshasa,1,0,66,0,0,4,0,0
8/18/2018,/everyone-high-school-students/thank-you,google,cpc,Undergraduate Degree Programs,FY2019_Undergrad,Pennsylvania,Kutztown,1,0,126,0,0,6,1,0
8/19/2018,/everyone-high-school-students/thank-you,google,cpc,Undergraduate Degree Programs,FY2019_Undergrad,New Hampshire,Concord,1,0,24,0,0,2,0,0
8/19/2018,/everyone-transfer-students/thank-you,google,cpc,Transfer Your Credits,FY2019_Transfer,Uttar Pradesh,Kanpur,1,0,0,0,0,2,1,0
8/22/2018,/everyone-complete-your-degree/thank-you,LinkedIn,SponsoredPost,AG_ALL_GRMuskieSchool,FY2019_GradMuskie,Maine,Lewiston,1,0,31,0,0,2,0,0
8/22/2018,/everyone-high-school-students/thank-you,google,cpc,Undergraduate Degree Programs,FY2019_Undergrad,(not set),(not set),1,0,54,0,0,2,0,0
8/22/2018,/everyone-high-school-students/thank-you,LinkedIn,SponsoredPost,AG_ALL_GRMuskieSchool,FY2019_GradMuskie,Maine,Lewiston,1,0,14,0,0,2,0,0
8/22/2018,/everyone-transfer-students/thank-you,google,cpc,Transfer College,FY2019_Transfer,Maine,Saco,1,0,22,0,0,4,0,0
8/23/2018,/everyone-transfer-students/thank-you,Facebook,Page Link,FA19_IG_FB_DISP_TR_UG_S_2,FY2019_Transfer,Maine,Kennebunk,1,0,28,0,0,2,0,0
8/24/2018,/everyone-high-school-students/thank-you,google,cpc,Undergraduate Degree Programs,FY2019_Undergrad,New York,New York,1,0,34,0,0,2,0,0
8/24/2018,/welcome-degree-completion-seekers/thank-you,LinkedIn,PageLink,WA,FY2018_Degree_Completion,Maine,Lewiston,1,0,14,0,0,2,0,0
8/25/2018,/communityengagement/thank-you-our-wonderful-2017-2018-doce-team,google,organic,(not set),(not set),Maine,Brunswick,1,0,24,0,0,2,0,0
8/26/2018,/everyone-high-school-students/thank-you,Facebook,Page Link,FA19_IG_FB_DISP_HS_UG_S_2,FY2019_Undergrad,New Hampshire,Portsmouth,1,0,0,0,0,2,1,0
8/26/2018,/everyone-transfer-students/thank-you,google,cpc,Transfer College,FY2019_Transfer,Maine,Scarborough,1,0,40,0,0,2,0,0
8/27/2018,/everyone-transfer-students/thank-you,google,cpc,Earn Your Degree in Maine,FY2019_Transfer,Maine,Ellsworth,1,0,31,0,0,1,0,0
8/28/2018,/everyone-degree-completion/thank-you,Doubleclick Bid Manager,Display,fa19_br_dbm_disp_all_uni_s_10,FY2019_Umbrella,New York,Getzville,1,0,0,0,0,1,1,0
8/28/2018,/everyone-online-degree-seekers/thank-you,Doubleclick Bid Manager,Display,fa19_br_dbm_disp_all_uni_s_10,FY2019_Umbrella,New York,Getzville,1,0,59,0,0,3,0,0
8/28/2018,/everyone-transfer-students/thank-you,google,cpc,Transfer Your Credits,FY2019_Transfer,Maine,Gray,1,0,22,0,0,1,0,0
8/29/2018,/honors/thank-you-dara-jeanne-kaufman-fund,google,organic,(not set),(not set),New York,New York,1,1,0,1,1,1,1,0
8/30/2018,/everyone-graduate-degree-seekers/thank-you,google,cpc,Univ. of Southern Maine,FY2019_Graduate,Maine,Waterville,1,0,296,0,0,1,0,0
8/30/2018,/everyone-high-school-students/thank-you,google,cpc,Undergraduate Degree Programs,FY2019_Undergrad,(not set),Addis Ababa,1,0,40,0,0,2,0,0
8/30/2018,/everyone-high-school-students/thank-you,google,cpc,Undergraduate Degree Programs,FY2019_Undergrad,Cairo Governorate,Cairo,1,0,11,0,0,1,0,0
8/31/2018,/everyone-high-school-students/thank-you,Facebook,LinkAd,FA19_IG_FB_DISP_HS_UG_S_4,FA19UG,New York,New York,1,0,0,0,0,1,1,0
8/31/2018,/everyone-transfer-students/thank-you,Facebook,PageLink,FA19_IG_FB_VID_ALL_UNI_D_2,FY2019_Transfer,Maine,Saco,1,0,0,0,0,1,1,0
9/2/2018,/everyone-graduate-degree-seekers/thank-you,google,cpc,Graduate Degree Programs,FY2019_Graduate,Kentucky,Lebanon,1,0,0,0,0,1,1,0
9/2/2018,/everyone-high-school-students/thank-you,Facebook,Page Link,FA19_IG_FB_DISP_TL_UG_S_3,FY2019_Undergrad,Massachusetts,Brockton,1,1,0,1,0,1,1,0
9/2/2018,/everyone-transfer-students/thank-you,google,cpc,Earn Your Maine College Degree,FY2019_Transfer,Connecticut,Glastonbury,1,0,3,0,0,1,0,0
9/3/2018,/everyone-graduate-degree-seekers/thank-you,Facebook,Page Link,FA19_IG_FB_VID_WA_GR_D_1,FY2019_Graduate,Maine,Scarborough,1,0,16,0,0,2,1,0
9/3/2018,/everyone-high-school-students/thank-you,Snapchat,TopSnap,fa19_ig_sc_vid_hs_ug_d_1,FY2019_Undergrad,Maine,Gorham,1,0,0,0,0,1,1,0
9/3/2018,/everyone-transfer-students/thank-you,google,cpc,Transfer College,FY2019_Transfer,(not set),(not set),1,0,0,0,0,1,1,0
9/4/2018,/everyone-high-school-students/thank-you,Google,Gmail,fa19_ig_gm_text_wa_dc_s_3,FY2019_DegreeCompleters,Maine,Lewiston,1,0,38,0,0,1,0,0
9/5/2018,/everyone-graduate-degree-seekers/thank-you,google,cpc,University of Southern Maine,FY2019_Graduate,Maine,Orono,1,0,36,0,0,1,0,0
9/5/2018,/everyone-high-school-students/thank-you,Doubleclick Bid Manager,Display,fa19_ig_dbm_disp_tl_ug_s_6,FY2019_Undergrad,New York,Getzville,1,0,115,1,0,2,1,115
9/5/2018,/everyone-high-school-students/thank-you,Facebook,Page Link,FA19_IG_FB_DISP_TL_UG_S_3,FY2019_Undergrad,Connecticut,Simsbury,1,0,0,0,0,1,1,0
9/5/2018,/everyone-high-school-students/thank-you,google,cpc,Bachelor Degree Programs,FY2019_Undergrad,Massachusetts,Boston,1,0,22,0,0,3,0,0
9/5/2018,/everyone-high-school-students/thank-you,google,cpc,Undergraduate Degree Programs,FY2019_Undergrad,(not set),Addis Ababa,1,0,0,0,0,1,1,0
9/5/2018,/everyone-high-school-students/thank-you,google,cpc,Undergraduate Degree Programs,FY2019_Undergrad,Maine,Wells,1,0,14,0,0,1,0,0
9/5/2018,/everyone-high-school-students/thank-you,Google,Gmail,fa19_ig_gm_text_wa_dc_s_3,FY2019_DegreeCompleters,Maine,Lewiston,1,1,0,1,0,1,1,0
9/6/2018,/everyone-high-school-students/thank-you,Doubleclick Bid Manager,Display,fa19_ig_dbm_disp_tl_ug_s_6,FY2019_Undergrad,New York,Getzville,1,0,18,0,0,2,1,0
9/6/2018,/everyone-high-school-students/thank-you **,Doubleclick Bid Manager,Display,fa19_ig_dbm_disp_tl_ug_s_6,FY2019_Undergrad,New York,Getzville,1,0,94,1,0,1,0,155
9/7/2018,/everyone-high-school-students/thank-you,google,cpc,Undergraduate Degree Programs,FY2019_Undergrad,Kigali City,Kigali,1,0,17,0,0,1,0,0
9/8/2018,/communityengagement/thank-you-our-wonderful-2017-2018-doce-team,(direct),(none),(not set),(not set),Dakar Region,Dakar,1,1,0,1,1,1,1,0
9/8/2018,/everyone-high-school-students/thank-you,google,cpc,Undergraduate Degree Programs,FY2019_Undergrad,Massachusetts,Marblehead,1,0,25,0,0,1,0,0
9/8/2018,/everyone-transfer-students/thank-you,google,cpc,Transfer College,FY2019_Transfer,Lagos,Lagos,1,0,32,0,0,1,0,0
9/10/2018,/everyone-high-school-students/thank-you,Facebook,Page Link,FA19_IG_FB_DISP_HS_UG_S_1,FY2019_Undergrad,Maine,Bangor,1,0,0,0,0,1,1,0
9/10/2018,/everyone-transfer-students/thank-you,google,cpc,Earn Your Maine College Degree,FY2019_Transfer,New Hampshire,Piermont,1,0,19,0,0,1,0,0
9/11/2018,/honors/thank-you-dara-jeanne-kaufman-fund,google,organic,(not set),(not set),District of Columbia,Washington,1,1,0,1,1,1,1,0
9/12/2018,/everyone-high-school-students/thank-you,Facebook,Page Link,FA19_IG_FB_DISP_HS_UG_S_1,FY2019_Undergrad,Maine,Camden,1,1,0,1,0,1,1,0
9/14/2018,/everyone-graduate-degree-seekers/thank-you,google,cpc,University of Southern Maine,FY2019_Graduate,Tamil Nadu,Chennai,1,0,0,0,0,1,1,0
9/14/2018,/everyone-online-degree-seekers/thank-you,google,cpc,Online Degree Program,FY2019_Online,Maine,South Bristol,1,0,21,0,0,1,0,0
9/15/2018,/everyone-degree-completion/thank-you,Facebook,Page Link,FA19_IG_FB_DISP_WA_DC_S_1,FY2019_DegreeComp,Maine,Auburn,1,0,56,0,0,2,0,0
9/15/2018,/honors/thank-you-dara-jeanne-kaufman-fund,search.kidzsearch.com,referral,(not set),(not set),Tamil Nadu,(not set),1,1,0,1,1,1,1,0
9/16/2018,/everyone-graduate-degree-seekers/thank-you,Facebook,Page Link,fa19_ig_fb_disp_cu_gr_s_1,FY2019_Graduate,(not set),Jamijarvi,1,0,0,0,0,1,1,0
9/16/2018,/everyone-graduate-degree-seekers/thank-you,google,cpc,Master's Degree Program,FY2019_Graduate,Istanbul,Istanbul,1,0,139,0,0,1,0,0
9/17/2018,/everyone-transfer-students/thank-you,google,cpc,Transfer College,FY2019_Transfer,Maine,York,1,0,27,0,0,1,0,0
9/18/2018,/everyone-high-school-students/thank-you,google,cpc,Undergraduate Degree Programs,FY2019_Undergrad,New Hampshire,Durham,1,0,19,0,0,1,0,0
9/18/2018,/everyone-high-school-students/thank-you,Spotify,programmatic,fa19_br_spo_aud_all_uni_s_3,FY2019,New York,Getzville,1,0,0,0,0,1,1,0
9/18/2018,/everyone-transfer-students/thank-you,google,cpc,Transfer College,FY2019_Transfer,Massachusetts,Haverhill,1,0,10,0,0,1,0,0
9/20/2018,/communityengagement/thank-you-our-wonderful-2017-2018-doce-team,google,organic,(not set),(not set),Ontario,Ottawa,1,1,0,1,1,1,1,0
9/21/2018,/everyone-degree-completion/thank-you,LinkedIn,InMail,fa19_ig_li_text_wa_dc_s_1,FY2019_DegreeCompletion,New Hampshire,Dover,1,0,13,0,0,1,0,0
9/23/2018,/everyone-online-degree-seekers/thank-you,google,cpc,University of Southern Maine,FY2019_Online,Maine,Old Orchard Beach,1,0,16,0,0,1,0,0
9/23/2018,/everyone-transfer-students/thank-you,google,cpc,Transfer Your Credits,FY2019_Transfer,New Hampshire,Claremont,1,0,7,0,0,1,0,0
9/24/2018,/everyone-high-school-students/thank-you,Facebook,Page Link,FA19_IG_FB_DISP_TL_UG_S_3,FY2019_Undergrad,Massachusetts,Cambridge,1,0,0,0,0,1,1,0
9/25/2018,/everyone-graduate-degree-seekers/thank-you,Spotify,programmatic,fa19_br_spo_aud_all_uni_s_3,FY2019,New York,Getzville,1,0,193,0,0,1,0,0
9/25/2018,/everyone-online-degree-seekers/thank-you,Spotify,programmatic,fa19_br_spo_aud_all_uni_s_3,FY2019,New York,Getzville,1,0,301,1,0,3,0,866
9/27/2018,/everyone-graduate-degree-seekers/thank-you,google,cpc,Graduate Degree Programs,FY2019_Graduate,Maine,Brunswick,1,0,0,0,0,1,1,0
9/27/2018,/everyone-high-school-students/thank-you,google,cpc,Undergraduate Degree Programs,FY2019_Undergrad,Davao Region,Davao City,1,0,42,0,0,1,0,0
9/27/2018,/everyone-online-degree-seekers/thank-you,Google,CPC,Biology,FY2019_Graduate,Maine,Lewiston,1,0,42,1,0,2,1,42
9/28/2018,/everyone-online-degree-seekers/thank-you,Google,CPC,Biology,FY2019_Graduate,Maine,Lewiston,1,0,53,0,0,2,1,0
9/29/2018,/everyone-graduate-degree-seekers/thank-you,Instagram,PageLink,FA19_IG_IG_VID_CU_GR_D_1,FY2019_Graduate,Maine,Gorham,1,0,0,0,0,1,1,0
9/29/2018,/everyone-high-school-students/thank-you,Instagram,IGStories,FA19_IG_IG_VID_TL_UG_D_3,FY2019_Undergrad,Massachusetts,Boston,1,0,12,0,0,1,0,0
10/1/2018,/everyone-degree-completion/thank-you,Facebook,Page Link,FA19_IG_FB_DISP_WA_DC_S_2,FY2019_DegreeComp,Maine,Portland,1,0,0,0,0,1,1,0
10/2/2018,/everyone-high-school-students/thank-you,Snapchat,TopSnap,fa19_ig_sc_vid_tl_ug_d_1,FY2019_Undergrad,Massachusetts,Boston,1,0,40,0,0,1,0,0
10/3/2018,/everyone-degree-completion/thank-you,LinkedIn,InMail,fa19_ig_li_text_wa_dc_s_1,FY2019_DegreeCompletion,Maine,Hermon,1,0,21,0,0,2,0,0
10/5/2018,/everyone-online-degree-seekers/thank-you,google,cpc,University of Southern Maine,FY2019_Online,California,Long Beach,1,0,19,0,0,1,0,0
10/6/2018,/everyone-high-school-students/thank-you,google,cpc,Undergraduate Degree Programs,FY2019_Undergrad,Illinois,Chicago,1,0,0,0,0,1,1,0
10/7/2018,/everyone-high-school-students/thank-you,Instagram,IGStories,FA19_IG_IG_VID_HS_UG_D_4,FY2019_Undergrad,Maine,Lewiston,1,0,0,0,0,1,1,0
10/8/2018,/everyone-transfer-students/thank-you,google,cpc,Earn Your Maine College Degree,FY2019_Transfer,New York,New York,1,0,26,0,0,1,0,0
10/9/2018,/everyone-high-school-students/thank-you,google,cpc,Undergraduate Degree Programs,FY2019_Undergrad,New York,New York,1,0,9,0,0,1,0,0
10/10/2018,/everyone-transfer-students/thank-you,google,cpc,Transfer College,FY2019_Transfer,Maine,Orono,1,0,6,0,0,1,0,0
10/11/2018,/everyone-online-degree-seekers/thank-you,google,cpc,University of Southern Maine,FY2019_Online,Maine,Augusta,1,0,0,0,0,1,1,0
10/12/2018,/everyone-transfer-students/thank-you,google,cpc,Transfer College,FY2019_Transfer,New Jersey,Sparta Township,1,0,11,0,0,1,0,0
10/13/2018,/everyone-transfer-students/thank-you,google,cpc,Earn Your Maine College Degree,FY2019_Transfer,Maine,Lewiston,1,0,7,0,0,1,0,0
10/14/2018,/everyone-high-school-students/thank-you,Facebook,LinkAd,FA19_IG_FB_DISP_TL_UG_S_4,FA19UG,Connecticut,West Haven,1,0,16,0,0,1,0,0
10/15/2018,/everyone-graduate-degree-seekers/thank-you,google,cpc,Master's Degree Programs,FY2019_Graduate,Maine,Old Orchard Beach,1,0,0,0,0,1,1,0
10/15/2018,/everyone-high-school-students/thank-you,Snapchat,TopSnap,fa19_ig_sc_vid_tl_ug_d_1,FY2019_Undergrad,Connecticut,Bridgeport,1,0,0,0,0,1,1,0
10/15/2018,/everyone-high-school-students/thank-you,Snapchat,TopSnap,fa19_ig_sc_vid_tl_ug_d_1,FY2019_Undergrad,New York,New York,1,0,0,0,0,1,1,0
10/18/2018,/everyone-degree-completion/thank-you,google,cpc,fa19_br_gm_text_wa_dc_s_2.jpg,FY2019_DegreeCompletion,Maine,Gray,1,0,15,0,0,1,0,0
10/18/2018,/everyone-online-degree-seekers/thank-you,google,cpc,University of Southern Maine,FY2019_Online,Maine,Bangor,1,0,37,0,0,1,0,0
10/19/2018,/everyone-graduate-degree-seekers/thank-you,LinkedIn,InMail,fa19_ig_li_text_wa_gr_s_1,FY2019_Graduate,Indiana,Indianapolis,1,0,0,0,0,1,1,0
10/19/2018,/everyone-online-degree-seekers/thank-you,google,cpc,Bachelor's Degree Program,FY2019_Online,New York,New York,1,0,9,0,0,1,0,0
10/20/2018,/everyone-transfer-students/thank-you,google,cpc,Transfer College,FY2019_Transfer,New Hampshire,Bow,1,0,43,0,0,1,0,0
10/21/2018,/everyone-graduate-degree-seekers/thank-you,google,cpc,Graduate Degree Programs,FY2019_Graduate,Massachusetts,Norton,1,0,25,0,0,1,0,0
10/22/2018,/everyone-high-school-students/thank-you,Snapchat,TopSnap,fa19_ig_sc_vid_tl_ug_d_1,FY2019_Undergrad,Michigan,Detroit,1,0,0,0,0,1,1,0
10/22/2018,/everyone-transfer-students/thank-you,google,cpc,Earn Your Maine College Degree,FY2019_Transfer,(not set),Monrovia,1,0,38,0,0,1,0,0
10/23/2018,/everyone-high-school-students/thank-you,google,cpc,Undergraduate Degree Programs,FY2019_Undergrad,Maine,Bangor,1,0,18,0,0,1,0,0
10/24/2018,/everyone-graduate-degree-seekers/thank-you,google,cpc,Master's Degree Programs,FY2019_Graduate,New Hampshire,Dover,1,0,80,0,0,1,0,0
10/24/2018,/everyone-high-school-students/thank-you,Pinterest,TrafficPin,fa19_br_pin_disp_in_ug_s_1,FY2019_Influencers,Maine,Lewiston,1,0,36,0,0,1,0,0
10/24/2018,/honors/thank-you-dara-jeanne-kaufman-fund,search.kidzsearch.com,referral,(not set),(not set),North Carolina,Wallburg,1,1,0,1,1,1,1,0
10/25/2018,/everyone-graduate-degree-seekers/thank-you,google,cpc,University of Southern Maine,FY2019_Graduate,Maine,Portland,1,0,3,0,0,1,0,0
10/25/2018,/everyone-online-degree-seekers/thank-you,google,cpc,Bachelor's Degree Program,FY2019_Online,Massachusetts,Boston,1,0,62,0,0,2,0,0
10/27/2018,/everyone-degree-completion/thank-you,Pinterest,TrafficPin,fa19_br_pin_disp_wa_dc_s_4,FY2019_DegreeComp,Maine,Windham,1,0,0,0,0,1,1,0
10/27/2018,/everyone-high-school-students/thank-you,google,cpc,Undergraduate Degree Programs,FY2019_Undergrad,Istanbul,Istanbul,1,0,50,0,0,1,0,0
10/27/2018,/everyone-high-school-students/thank-you,Instagram,Page Link,FA19_IG_IG_DISP_TL_UG_S_1,FY2019_Undergrad,Rhode Island,Providence,1,0,15,0,0,1,0,0
10/28/2018,/begin/thank-you,(direct),(none),(not set),(not set),Massachusetts,Lynn,1,1,0,1,1,1,1,0
10/28/2018,/everyone-high-school-students/thank-you,Snapchat,TopSnap,fa19_ig_sc_vid_tl_ug_d_1,FY2019_Undergrad,Connecticut,Bridgeport,1,0,0,0,0,1,1,0
10/29/2018,/everyone-high-school-students/thank-you,google,cpc,Undergraduate Degree Programs,FY2019_Undergrad,Lagos,Lagos,1,0,0,0,0,1,1,0
10/30/2018,/everyone-degree-completion/thank-you,LinkedIn,InMail,fa19_ig_li_text_wa_dc_s_1,FY2019_DegreeCompletion,Massachusetts,Boston,1,0,0,0,0,1,1,0
10/30/2018,/everyone-graduate-degree-seekers/thank-you,google,cpc,University of Southern Maine,FY2019_Graduate,Maine,Waterville,1,0,0,0,0,1,1,0
10/31/2018,/everyone-high-school-students/thank-you,(direct),(none),(not set),(not set),Maine,Lewiston,1,0,79,0,0,3,0,0
11/2/2018,/everyone-graduate-degree-seekers/thank-you,google,cpc,Univ. of Southern Maine,FY2019_Graduate,Utah,Layton,1,0,12,0,0,1,0,0
11/2/2018,/everyone-high-school-students/thank-you,google,cpc,Undergraduate Degree Programs,FY2019_Undergrad,Connecticut,Cheshire,1,0,0,0,0,1,1,0
11/2/2018,/everyone-transfer-students/thank-you,google,cpc,Transfer College,FY2019_Transfer,Maine,Lewiston,1,0,0,0,0,1,1,0
11/3/2018,/everyone-high-school-students/thank-you,google,cpc,Undergraduate Degree Programs,FY2019_Undergrad,New York,New York,1,0,15,0,0,1,0,0
11/3/2018,/everyone-transfer-students/thank-you,google,cpc,Transfer College,FY2019_Transfer,Massachusetts,Gloucester,1,0,42,0,0,2,0,0
11/6/2018,/everyone-degree-completion/thank-you,Facebook,Page Link,FA19_IG_FB_DISP_WA_DC_S_1,FY2019_DegreeComp,Maine,Falmouth,1,0,14,0,0,1,0,0
11/7/2018,/everyone-graduate-degree-seekers/thank-you,LinkedIn,InMail,fa19_ig_li_text_wa_gr_s_1,FY2019_Graduate,Maine,Poland,1,0,0,0,0,1,1,0
11/10/2018,/everyone-high-school-students/thank-you,Facebook,Page Link,FA19_IG_FB_DISP_HS_UG_S_2,FY2019_Undergrad,Maine,Brooks,1,0,0,0,0,1,1,0
11/11/2018,/everyone-transfer-students/thank-you,Facebook,Page Link,FA19_IG_FB_DISP_CU_TR_S_1,FY2019_Transfer,Maine,Machias,1,0,0,0,0,1,1,0
11/11/2018,/everyone-transfer-students/thank-you,google,cpc,Transfer College,FY2019_Transfer,(not set),Addis Ababa,1,0,0,0,0,1,1,0
11/13/2018,/everyone-degree-completion/thank-you,LinkedIn,InMail,fa19_ig_li_text_wa_dc_s_1,FY2019_DegreeCompletion,New Hampshire,Dover,1,0,0,0,0,1,1,0
11/14/2018,/everyone-high-school-students/thank-you,Pinterest,TrafficPin,fa19_br_pin_disp_in_ug_s_1,FY2019_Influencers,Maine,South Portland,1,0,0,0,0,1,1,0
11/14/2018,/everyone-online-degree-seekers/thank-you,google,cpc,Bachelor's Degree Program,FY2019_Online,(not set),Addis Ababa,1,0,23,0,0,1,0,0
11/17/2018,/everyone-online-degree-seekers/thank-you,google,cpc,University of Southern Maine,FY2019_Online,New Hampshire,Dover,1,0,16,0,0,1,0,0
11/17/2018,/everyone-transfer-students/thank-you,google,cpc,fa19_ig_gm_text_cu_tr_s_1.jpg,FY2019_TransferG,Maine,Cumberland,1,0,0,0,0,1,1,0
11/18/2018,/everyone-high-school-students/thank-you,google,cpc,Bachelor Degree Programs,FY2019_Undergrad,Maine,Topsham,1,0,48,0,0,2,0,0
11/18/2018,/everyone-high-school-students/thank-you,google,cpc,Undergraduate Degree Programs,FY2019_Undergrad,Maine,Westbrook,1,0,15,0,0,1,0,0
11/20/2018,/everyone-transfer-students/thank-you,google,cpc,Earn Your Maine College Degree,FY2019_Transfer,Massachusetts,Auburn,1,0,17,0,0,1,0,0
11/22/2018,/everyone-transfer-students/thank-you,google,cpc,Transfer College,FY2019_Transfer,Lagos,Lagos,1,0,0,0,0,1,1,0
11/23/2018,/everyone-graduate-degree-seekers/thank-you,google,cpc,Master's Degree Programs,FY2019_Graduate,Massachusetts,Concord,1,0,41,0,0,2,0,0
11/23/2018,/everyone-transfer-students/thank-you,google,cpc,Transfer College,FY2019_Transfer,Lagos,Lagos,1,1,0,1,0,1,1,0
11/23/2018,/everyone-transfer-students/thank-you,google,cpc,Transfer Your Credits,FY2019_Transfer,Washington,(not set),1,0,0,0,0,1,1,0
11/23/2018,/everyone-transfer-students/thank-you,google,organic,(not set),(not set),Washington,(not set),1,1,0,1,0,1,1,0
11/24/2018,/everyone-high-school-students/thank-you,google,cpc,Undergraduate Degree Programs,FY2019_Undergrad,Pennsylvania,Philadelphia,1,0,69,0,0,1,0,0
11/27/2018,/everyone-graduate-degree-seekers/thank-you,google,cpc,University of Southern Maine,FY2019_Graduate,Massachusetts,Boston,1,0,18,0,0,1,0,0
11/27/2018,/everyone-graduate-degree-seekers/thank-you,google,cpc,University of Southern Maine,FY2019_Graduate,North Carolina,Chapel Hill,1,0,7,0,0,1,0,0
11/27/2018,/everyone-transfer-students/thank-you,google,cpc,Transfer College,FY2019_Transfer,New York,New York,1,0,16,0,0,1,0,0
11/27/2018,/honors/thank-you-dara-jeanne-kaufman-fund,google,organic,(not set),(not set),Virginia,Annandale,1,1,0,1,1,1,1,0
11/29/2018,/everyone-high-school-students/thank-you,google,organic,(not set),(not set),Maine,Orono,1,0,56,0,0,1,0,0
11/30/2018,/everyone-degree-completion/thank-you,Pinterest,TrafficPin,fa19_br_pin_disp_wa_dc_s_4,FY2019_DegreeComp,Maine,Farmington,1,0,0,0,0,1,1,0
11/30/2018,/everyone-high-school-students/thank-you,(direct),(none),(not set),(not set),Tennessee,Memphis,14,14,0,14,14,14,14,0
11/30/2018,/everyone-high-school-students/thank-you,0.0.0.0:4444,referral,(not set),(not set),Tennessee,Memphis,1,1,0,1,1,1,1,0
11/30/2018,/everyone-high-school-students/thank-you,10.191.54.202:4444,referral,(not set),(not set),Tennessee,Memphis,1,1,0,1,1,1,1,0
12/1/2018,/everyone-online-degree-seekers/thank-you,google,cpc,University of Southern Maine,FY2019_Online,Massachusetts,Boston,1,0,0,0,0,1,1,0
12/1/2018,/everyone-online-degree-seekers/thank-you,google,cpc,University of Southern Maine,FY2019_Online,New Hampshire,Dover,1,0,33,0,0,2,0,0
12/3/2018,/everyone-transfer-students/thank-you,google,cpc,fa19_ig_gm_text_cu_tr_s_4.jpg,FY2019_TransferG,New Hampshire,New London,1,0,15,0,0,1,0,0
12/4/2018,/everyone-high-school-students/thank-you,Pinterest,TrafficPin,fa19_br_pin_disp_in_ug_s_1,FY2019_Influencers,Maine,Sanford,1,0,0,0,0,1,1,0
12/4/2018,/honors/thank-you-dara-jeanne-kaufman-fund,google,organic,(not set),(not set),North Carolina,Charlotte,1,1,0,1,1,1,1,0
12/5/2018,/everyone-online-degree-seekers/thank-you,google,cpc,University of Southern Maine,FY2019_Online,Selangor,Petaling Jaya,1,0,49,0,0,1,0,0
12/6/2018,/everyone-online-degree-seekers/thank-you,google,cpc,University of Southern Maine,FY2019_Online,New Hampshire,Dover,1,0,21,0,0,2,1,0
12/7/2018,/everyone-high-school-students/thank-you,Facebook,Page Link,FA19_IG_FB_DISP_HS_UG_S_1,FY2019_Undergrad,Maine,Waterville,1,0,0,0,0,1,1,0
12/8/2018,/everyone-high-school-students/thank-you,google,cpc,Undergraduate Degree Programs,FY2019_Undergrad,Central Development Region,Kathmandu,1,0,69,0,0,1,0,0
12/8/2018,/everyone-high-school-students/thank-you,google,cpc,Undergraduate Degree Programs,FY2019_Undergrad,Maine,Portland,1,0,8,0,0,1,0,0
12/8/2018,/everyone-transfer-students/thank-you,google,cpc,Earn Your Degree in Maine,FY2019_Transfer,Michigan,Detroit,1,0,0,0,0,1,1,0
12/8/2018,/everyone-transfer-students/thank-you,google,cpc,Transfer College,FY2019_Transfer,Punjab,Wah,1,0,15,0,0,1,0,0
12/9/2018,/everyone-graduate-degree-seekers/thank-you,google,cpc,Graduate Degree Programs,FY2019_Graduate,New York,New York,1,0,5,0,0,1,0,0
12/10/2018,/everyone-high-school-students/thank-you,Pinterest,TrafficPin,fa19_br_pin_disp_in_ug_s_1,FY2019_Influencers,Maine,Portland,1,0,0,0,0,1,1,0
12/10/2018,/honors/thank-you-dara-jeanne-kaufman-fund,google,organic,(not set),(not set),Florida,Palm Beach Gardens,1,1,0,1,1,1,1,0
12/11/2018,/everyone-graduate-degree-seekers/thank-you,google,cpc,Univ. of Southern Maine,FY2019_Graduate,Maine,Lewiston,1,0,0,0,0,1,1,0
12/12/2018,/everyone-high-school-students/thank-you,google,cpc,Undergraduate Degree Programs,FY2019_Undergrad,(not set),Addis Ababa,2,0,336,0,0,3,1,0
12/12/2018,/everyone-high-school-students/thank-you,google,cpc,Undergraduate Degree Programs,FY2019_Undergrad,Maine,Portland,1,0,0,0,0,1,1,0
12/12/2018,/everyone-high-school-students/thank-you,google,cpc,Undergraduate Degree Programs,FY2019_Undergrad,Virginia,Dumfries,1,0,31,0,0,1,0,0
12/12/2018,/everyone-high-school-students/thank-you,google,organic,(not set),(not set),Maine,South Portland,1,1,0,1,0,1,1,0
12/12/2018,/everyone-transfer-students/thank-you,google,cpc,Transfer College,FY2019_Transfer,Central Development Region,Kathmandu,2,0,0,0,0,2,2,0
12/13/2018,/everyone-high-school-students/thank-you,google,cpc,Undergraduate Degree Programs,FY2019_Undergrad,Maine,Saco,1,0,6,0,0,1,0,0
12/14/2018,/everyone-graduate-degree-seekers/thank-you,google,cpc,Master's Degree Programs,FY2019_Graduate,Makkah Province,Jeddah,1,0,22,0,0,1,0,0
12/14/2018,/everyone-high-school-students/thank-you,evernote.com,referral,(not set),(not set),Maine,Buxton,1,0,0,0,0,1,1,0
12/14/2018,/everyone-high-school-students/thank-you,google,cpc,Undergraduate Degree Programs,FY2019_Undergrad,Ohio,Canton,1,0,14,0,0,1,0,0
12/14/2018,/everyone-transfer-students/thank-you,google,cpc,Transfer College,FY2019_Transfer,New Hampshire,Portsmouth,1,0,36,0,0,2,0,0
12/14/2018,/everyone-transfer-students/thank-you,google,cpc,Transfer College,FY2019_Transfer,State of Rio de Janeiro,Rio de Janeiro,1,0,82,0,0,1,0,0
12/15/2018,/everyone-high-school-students/thank-you,google,cpc,Undergraduate Degree Programs,FY2019_Undergrad,(not set),Dar es Salaam,1,0,0,0,0,1,1,0
12/15/2018,/everyone-online-degree-seekers/thank-you,google,cpc,Bachelor's Degree Program,FY2019_Online,Maine,Calais,1,0,99,0,0,1,0,0
12/15/2018,/everyone-transfer-students/thank-you,google,cpc,Earn Your Maine College Degree,FY2019_Transfer,New Hampshire,Portsmouth,1,0,81,0,0,1,0,0
12/16/2018,/everyone-high-school-students/thank-you,google,cpc,Undergraduate Degree Programs,FY2019_Undergrad,Maryland,Catonsville,1,0,9,0,0,1,0,0
12/16/2018,/everyone-high-school-students/thank-you,google,cpc,Undergraduate Degree Programs,FY2019_Undergrad,New Hampshire,Portsmouth,1,0,6,0,0,1,0,0
12/16/2018,/everyone-transfer-students/thank-you,google,cpc,Transfer College,FY2019_Transfer,Maine,Scarborough,1,0,11,0,0,1,0,0
12/16/2018,/everyone-transfer-students/thank-you,google,cpc,Transfer College,FY2019_Transfer,Minnesota,Minneapolis,1,0,13,0,0,1,0,0
12/17/2018,/everyone-graduate-degree-seekers/thank-you,google,cpc,University of Southern Maine,FY2019_Graduate,Maine,Machias,1,0,28,0,0,1,0,0
12/17/2018,/everyone-graduate-degree-seekers/thank-you,google,cpc,University of Southern Maine,FY2019_Graduate,Maine,Orono,1,0,0,0,0,1,1,0
12/17/2018,/everyone-high-school-students/thank-you,google,cpc,Undergraduate Degree Programs,FY2019_Undergrad,(not set),(not set),1,0,30,0,0,1,0,0
12/17/2018,/everyone-high-school-students/thank-you,google,cpc,Undergraduate Degree Programs,FY2019_Undergrad,Batna Province,Batna,2,0,14,0,0,2,1,0
12/17/2018,/everyone-high-school-students/thank-you,google,cpc,Undergraduate Degree Programs,FY2019_Undergrad,Greater Accra Region,Accra,1,0,0,0,0,1,1,0
12/17/2018,/everyone-high-school-students/thank-you,google,cpc,Undergraduate Degree Programs,FY2019_Undergrad,Massachusetts,Boston,1,0,19,0,0,1,0,0
12/17/2018,/everyone-high-school-students/thank-you,google,cpc,Undergraduate Degree Programs,FY2019_Undergrad,Oregon,Portland,1,0,44,0,0,1,0,0
12/18/2018,/everyone-graduate-degree-seekers/thank-you,google,cpc,University of Southern Maine,FY2019_Graduate,California,Huntington Beach,1,0,77,0,0,1,0,0
12/18/2018,/everyone-high-school-students/thank-you,google,cpc,Undergraduate Degree Programs,FY2019_Undergrad,Florida,Miami,1,0,52,0,0,1,0,0
12/18/2018,/everyone-high-school-students/thank-you,google,cpc,Undergraduate Degree Programs,FY2019_Undergrad,Minnesota,Moorhead,2,1,0,1,0,2,2,0
12/18/2018,/everyone-transfer-students/thank-you,google,cpc,Transfer College,FY2019_Transfer,Missouri,Sparta,1,0,6,0,0,1,0,0
12/18/2018,/everyone-transfer-students/thank-you,google,cpc,Transfer Your Credits,FY2019_Transfer,Texas,(not set),1,0,9,0,0,1,0,0
12/19/2018,/everyone-graduate-degree-seekers/thank-you,google,cpc,University of Southern Maine,FY2019_Graduate,Maine,Bridgton,1,0,26,0,0,2,0,0
12/19/2018,/everyone-high-school-students/thank-you,google,cpc,Undergraduate Degree Programs,FY2019_Undergrad,Minnesota,Minneapolis,1,0,20,1,0,1,0,20
12/19/2018,/everyone-online-degree-seekers/thank-you,(direct),(none),(not set),(not set),Maine,Bristol,1,1,0,1,1,1,1,0
12/19/2018,/everyone-online-degree-seekers/thank-you,google,cpc,University of Southern Maine,FY2019_Online,Florida,Ridge Manor,1,0,18,0,0,3,0,0
12/19/2018,/everyone-transfer-students/thank-you,google,cpc,Transfer College,FY2019_Transfer,Scotland,(not set),1,0,324,0,0,1,0,0
12/20/2018,/everyone-graduate-degree-seekers/thank-you,google,cpc,Graduate Degree Programs,FY2019_Graduate,Maine,Augusta,1,0,22,0,0,1,0,0
12/20/2018,/everyone-high-school-students/thank-you,google,cpc,Undergraduate Degree Programs,FY2019_Undergrad,Central Development Region,Kathmandu,1,0,0,0,0,1,1,0
12/20/2018,/everyone-high-school-students/thank-you,google,cpc,Undergraduate Degree Programs,FY2019_Undergrad,Maine,Brunswick,1,0,0,0,0,1,1,0
12/20/2018,/everyone-high-school-students/thank-you,google,cpc,Undergraduate Degree Programs,FY2019_Undergrad,Punjab,Lahore,1,0,59,0,0,1,0,0
12/20/2018,/everyone-transfer-students/thank-you,google,cpc,Earn Your Degree in Maine,FY2019_Transfer,Cairo Governorate,Cairo,2,1,0,1,0,2,2,0
12/20/2018,/everyone-transfer-students/thank-you,google,cpc,fa19_ig_gm_text_cu_tr_s_1.jpg,FY2019_TransferG,New Hampshire,Portsmouth,1,0,13,0,0,1,0,0
12/20/2018,/everyone-transfer-students/thank-you,google,cpc,Transfer College,FY2019_Transfer,Cairo Governorate,Cairo,1,0,90,0,0,1,0,0
12/21/2018,/everyone-graduate-degree-seekers/thank-you,google,cpc,University of Southern Maine,FY2019_Graduate,Maine,Holden,1,0,0,0,0,1,1,0
12/21/2018,/everyone-high-school-students/thank-you,google,cpc,Undergraduate Degree Programs,FY2019_Undergrad,(not set),Addis Ababa,1,0,20,0,0,1,0,0
12/21/2018,/everyone-high-school-students/thank-you,google,cpc,Undergraduate Degree Programs,FY2019_Undergrad,Maine,Biddeford,1,0,7,0,0,1,0,0
12/21/2018,/everyone-high-school-students/thank-you,google,cpc,Undergraduate Degree Programs,FY2019_Undergrad,New York,New York,1,0,31,0,0,1,0,0
12/21/2018,/everyone-transfer-students/thank-you,google,cpc,Transfer College,FY2019_Transfer,Cairo Governorate,Cairo,1,0,0,0,0,1,1,0
12/22/2018,/everyone-graduate-degree-seekers/thank-you,google,cpc,Graduate Degree Programs,FY2019_Graduate,Pennsylvania,Mount Pleasant,1,0,336,0,0,1,0,0
12/22/2018,/everyone-high-school-students/thank-you,google,cpc,Undergraduate Degree Programs,FY2019_Undergrad,Khyber Pakhtunkhwa,Abbottabad,1,0,0,0,0,1,1,0
12/22/2018,/everyone-high-school-students/thank-you,google,cpc,Undergraduate Degree Programs,FY2019_Undergrad,Massachusetts,Boston,1,0,11,0,0,1,0,0
12/23/2018,/everyone-high-school-students/thank-you,google,cpc,Undergraduate Degree Programs,FY2019_Undergrad,Georgia,Macon,1,0,10,0,0,1,0,0
12/23/2018,/everyone-online-degree-seekers/thank-you,google,cpc,University of Southern Maine,FY2019_Online,Maine,Bridgton,1,0,38,0,0,1,0,0
12/23/2018,/everyone-online-degree-seekers/thank-you,google,cpc,University of Southern Maine,FY2019_Online,Maine,Freeport,1,0,14,0,0,1,0,0
12/23/2018,/honors/thank-you-dara-jeanne-kaufman-fund,google,organic,(not set),(not set),Andalusia,Seville,1,1,0,1,1,1,1,0
12/24/2018,/everyone-graduate-degree-seekers/thank-you,google,cpc,Univ. of Southern Maine,FY2019_Graduate,Maine,Gray,1,0,0,0,0,1,1,0
12/24/2018,/everyone-graduate-degree-seekers/thank-you,google,cpc,University of Southern Maine,FY2019_Graduate,New Hampshire,Dover,1,0,4,0,0,1,0,0
12/24/2018,/everyone-high-school-students/thank-you,google,cpc,Undergraduate Degree Programs,FY2019_Undergrad,Massachusetts,Worcester,1,0,14,0,0,1,0,0
12/24/2018,/everyone-transfer-students/thank-you,google,cpc,(not set),(not set),Greater Accra Region,Accra,1,0,626,0,0,3,0,0
12/25/2018,/everyone-high-school-students/thank-you,google,cpc,Undergraduate Degree Programs,FY2019_Undergrad,Casablanca-Settat,Mohammedia,1,0,0,0,0,1,1,0
12/26/2018,/everyone-graduate-degree-seekers/thank-you,google,cpc,Graduate Degree Programs,FY2019_Graduate,Maine,Old Orchard Beach,1,0,10,0,0,1,0,0
12/26/2018,/everyone-graduate-degree-seekers/thank-you,google,cpc,University of Southern Maine,FY2019_Graduate,New Hampshire,Dover,1,0,14,0,0,1,0,0
12/26/2018,/everyone-high-school-students/thank-you,google,cpc,(not set),(not set),Centre,(not set),1,0,29,0,0,1,0,0
12/26/2018,/everyone-high-school-students/thank-you,google,cpc,Undergraduate Degree Programs,FY2019_Undergrad,(not set),Addis Ababa,1,0,124,0,0,1,0,0
12/26/2018,/everyone-high-school-students/thank-you,google,cpc,Undergraduate Degree Programs,FY2019_Undergrad,Maine,Windham,1,0,224,0,0,1,0,0
12/26/2018,/everyone-online-degree-seekers/thank-you,google,cpc,University of Southern Maine,FY2019_Online,New York,Smithtown,1,0,0,0,0,1,1,0
12/26/2018,/everyone-transfer-students/thank-you,google,cpc,Transfer Your Credits,FY2019_Transfer,Maine,Portland,1,0,14,0,0,1,0,0
12/27/2018,/everyone-graduate-degree-seekers/thank-you,google,cpc,University of Southern Maine,FY2019_Graduate,Maine,Augusta,1,0,103,0,0,1,0,0
12/27/2018,/everyone-high-school-students/thank-you,google,cpc,Undergraduate Degree Programs,FY2019_Undergrad,Maine,Portland,1,0,52,0,0,2,0,0
12/27/2018,/everyone-online-degree-seekers/thank-you,google,cpc,University of Southern Maine,FY2019_Online,Florida,Pinellas Park,1,0,0,0,0,1,1,0
12/28/2018,/everyone-graduate-degree-seekers/thank-you,google,cpc,Univ. of Southern Maine,FY2019_Graduate,Maine,Lewiston,1,0,0,0,0,1,1,0
12/28/2018,/everyone-online-degree-seekers/thank-you,google,cpc,University of Southern Maine,FY2019_Online,New Hampshire,Keene,1,0,394,0,0,1,0,0
12/28/2018,/everyone-transfer-students/thank-you,google,cpc,Transfer College,FY2019_Transfer,Alexandria Governorate,Alexandria,1,0,0,0,0,1,1,0
12/28/2018,/everyone-transfer-students/thank-you,google,cpc,Transfer College,FY2019_Transfer,Metro Manila,Quezon City,1,0,14,0,0,1,0,0
12/29/2018,/everyone-graduate-degree-seekers/thank-you,google,cpc,Graduate Degree Programs,FY2019_Graduate,Utah,(not set),1,0,0,0,0,1,1,0
12/29/2018,/everyone-graduate-degree-seekers/thank-you,google,cpc,University of Southern Maine,FY2019_Graduate,Florida,DeLand,1,0,0,0,0,1,1,0
12/29/2018,/everyone-high-school-students/thank-you,google,cpc,Undergraduate Degree Programs,FY2019_Undergrad,New York,New York,1,0,7,0,0,1,0,0
12/30/2018,/everyone-online-degree-seekers/thank-you,google,cpc,University of Southern Maine,FY2019_Online,Maine,Yarmouth,1,0,17,0,0,1,0,0
12/30/2018,/everyone-transfer-students/thank-you,google,cpc,Transfer College,FY2019_Transfer,Amman Governorate,(not set),1,0,0,0,0,1,1,0
12/30/2018,/everyone-transfer-students/thank-you,google,cpc,Transfer College,FY2019_Transfer,Maine,Portland,1,0,261,0,0,1,0,0
12/30/2018,/everyone-transfer-students/thank-you,google,cpc,Transfer College,FY2019_Transfer,Maine,Saco,1,0,0,0,0,1,1,0
12/31/2018,/everyone-graduate-degree-seekers/thank-you,google,cpc,Graduate Degree Programs,FY2019_Graduate,(not set),(not set),1,0,132,0,0,2,0,0
12/31/2018,/everyone-high-school-students/thank-you,google,cpc,Bachelor Degree Programs,FY2019_Undergrad,St. Andrew Parish,Kingston,1,0,0,0,0,1,1,0
12/31/2018,/everyone-high-school-students/thank-you,google,cpc,Undergraduate Degree Programs,FY2019_Undergrad,Greater Accra Region,Accra,1,0,244,0,0,1,0,0
1/1/2019,/everyone-graduate-degree-seekers/thank-you,google,cpc,Graduate Degree Programs,FY2019_Graduate,Punjab,Faisalabad,1,0,104,0,0,1,0,0
1/1/2019,/everyone-high-school-students/thank-you,google,cpc,Undergraduate Degree Programs,FY2019_Undergrad,Constantine Province,Constantine,1,0,141,1,0,1,0,535
1/1/2019,/everyone-high-school-students/thank-you,google,cpc,Undergraduate Degree Programs,FY2019_Undergrad,Lagos,Lagos,1,0,144,0,0,2,0,0
1/1/2019,/everyone-high-school-students/thank-you,google,cpc,Undergraduate Degree Programs,FY2019_Undergrad,Maine,Lewiston,1,0,4,0,0,1,0,0
1/1/2019,/everyone-high-school-students/thank-you,google,cpc,Undergraduate Degree Programs,FY2019_Undergrad,Maine,Madison,1,0,0,0,0,1,1,0
1/1/2019,/everyone-high-school-students/thank-you,google,cpc,Undergraduate Degree Programs,FY2019_Undergrad,Maine,Portland,1,0,24,0,0,1,0,0
1/1/2019,/everyone-online-degree-seekers/thank-you,google,cpc,University of Southern Maine,FY2019_Online,Pennsylvania,Philadelphia,1,1,0,1,0,1,1,0
1/1/2019,/everyone-transfer-students/thank-you,google,cpc,Transfer College,FY2019_Transfer,(not set),Addis Ababa,1,0,424,0,0,1,0,0
1/2/2019,/everyone-graduate-degree-seekers/thank-you,google,cpc,Univ. of Southern Maine,FY2019_Graduate,Colorado,Colorado Springs,1,0,20,0,0,1,0,0
1/2/2019,/everyone-graduate-degree-seekers/thank-you,google,cpc,Univ. of Southern Maine,FY2019_Graduate,Maine,Wells,2,1,0,1,0,2,2,0
1/2/2019,/everyone-graduate-degree-seekers/thank-you,google,cpc,Univ. of Southern Maine,FY2019_Graduate,Maine,York,1,1,0,1,0,1,1,0
1/2/2019,/everyone-high-school-students/thank-you,google,cpc,Bachelor Degree Programs,FY2019_Undergrad,St. Andrew Parish,Kingston,1,1,0,1,0,1,1,0
1/2/2019,/everyone-high-school-students/thank-you,Instagram,IGStories,FA19_IG_IG_VID_HS_UG_D_4,FY2019_Undergrad,North Carolina,Greenville,1,0,47,0,0,5,1,0
1/2/2019,/everyone-online-degree-seekers/thank-you,google,cpc,University of Southern Maine,FY2019_Online,Massachusetts,Boston,1,0,21,0,0,1,0,0
1/2/2019,/everyone-transfer-students/thank-you,google,cpc,Transfer College,FY2019_Transfer,Maine,Westbrook,1,0,0,0,0,1,1,0
1/2/2019,/everyone-transfer-students/thank-you,google,cpc,Transfer Your Credits,FY2019_Transfer,Michigan,Detroit,1,0,8,0,0,1,0,0
1/3/2019,/everyone-degree-completion/thank-you,Pinterest,TrafficPin,fa19_br_pin_disp_wa_dc_s_2,FY2019_DegreeComp,Maine,Augusta,1,0,10,0,0,1,0,0
1/3/2019,/everyone-degree-completion/thank-you,Pinterest,TrafficPin,fa19_br_pin_disp_wa_dc_s_2,FY2019_DegreeComp,Maine,Sanford,1,0,0,0,0,1,1,0
1/3/2019,/everyone-high-school-students/thank-you,Pinterest,TrafficPin,fa19_br_pin_disp_in_ug_s_1,FY2019_Influencers,Maine,Farmington,1,0,14,0,0,1,0,0
1/3/2019,/everyone-online-degree-seekers/thank-you,google,cpc,University of Southern Maine,FY2019_Online,Maine,Gardiner,1,0,10,0,0,1,0,0
1/3/2019,/everyone-transfer-students/thank-you,google,cpc,Transfer College,FY2019_Transfer,California,Lancaster,1,0,18,0,0,1,0,0
1/3/2019,/everyone-transfer-students/thank-you,google,cpc,Transfer College,FY2019_Transfer,North Sumatra,Medan,1,0,28,0,0,2,0,0
1/4/2019,/everyone-graduate-degree-seekers/thank-you,google,cpc,Univ. of Southern Maine,FY2019_Graduate,New York,New York,1,0,10,0,0,1,0,0
1/4/2019,/everyone-graduate-degree-seekers/thank-you,google,cpc,University of Southern Maine,FY2019_Graduate,Maine,Lewiston,1,0,51,0,0,1,0,0
1/4/2019,/everyone-graduate-degree-seekers/thank-you,google,cpc,University of Southern Maine,FY2019_Graduate,Maine,Portland,1,0,37,0,0,1,0,0
1/4/2019,/everyone-graduate-degree-seekers/thank-you,google,cpc,University of Southern Maine,FY2019_Graduate,Maine,Waterboro,1,0,34,0,0,1,0,0
1/4/2019,/everyone-graduate-degree-seekers/thank-you,google,cpc,University of Southern Maine,FY2019_Graduate,New Hampshire,Portsmouth,1,0,24,0,0,1,0,0
1/4/2019,/everyone-high-school-students/thank-you,google,cpc,Bachelor Degree Programs,FY2019_Undergrad,Tizi Ouzou Province,Tizi Ouzou,1,0,34,0,0,1,0,0
1/4/2019,/everyone-high-school-students/thank-you,google,cpc,Undergraduate Degree Programs,FY2019_Undergrad,Nairobi County,Nairobi,1,0,0,0,0,1,1,0
1/4/2019,/everyone-online-degree-seekers/thank-you,google,cpc,University of Southern Maine,FY2019_Online,Maine,Cape Elizabeth,1,0,9,0,0,2,1,0
1/4/2019,/everyone-transfer-students/thank-you,google,cpc,Transfer College,FY2019_Transfer,(not set),Novi Sad,1,0,91,0,0,2,0,0
1/4/2019,/everyone-transfer-students/thank-you,google,cpc,Transfer College,FY2019_Transfer,Maine,Scarborough,1,0,0,0,0,1,1,0
1/4/2019,/everyone-transfer-students/thank-you,google,cpc,Transfer College,FY2019_Transfer,New Hampshire,Dover,1,0,0,0,0,1,1,0
1/5/2019,/everyone-graduate-degree-seekers/thank-you,google,cpc,University of Southern Maine,FY2019_Graduate,Maine,Lewiston,1,0,1041,0,0,1,0,0
1/5/2019,/everyone-high-school-students/thank-you,google,cpc,Undergraduate Degree Programs,FY2019_Undergrad,Massachusetts,Shrewsbury,1,0,11,0,0,1,0,0
1/5/2019,/everyone-transfer-students/thank-you,google,cpc,Earn Your Maine College Degree,FY2019_Transfer,Maine,Lewiston,1,0,46,0,0,1,0,0
1/6/2019,/everyone-high-school-students/thank-you,google,cpc,Undergraduate Degree Programs,FY2019_Undergrad,Maine,Biddeford,1,0,11,0,0,1,0,0
1/6/2019,/everyone-transfer-students/thank-you,google,cpc,Earn Your Maine College Degree,FY2019_Transfer,Maine,Bangor,1,0,0,0,0,1,1,0
1/6/2019,/everyone-transfer-students/thank-you,google,cpc,Transfer College,FY2019_Transfer,Lagos,Lagos,1,0,37,0,0,1,0,0
1/6/2019,/everyone-transfer-students/thank-you,google,cpc,Transfer College,FY2019_Transfer,Western Province,Colombo,1,0,0,0,0,1,1,0
1/7/2019,/everyone-degree-completion/thank-you,Facebook,Page Link,FA19_IG_FB_DISP_WA_DC_S_2,FY2019_DegreeComp,Maine,South Portland,1,0,67,0,0,1,0,0
1/7/2019,/everyone-graduate-degree-seekers/thank-you,google,cpc,Master's Degree Programs,FY2019_Graduate,Maine,Portland,1,0,60,0,0,1,0,0
1/7/2019,/everyone-graduate-degree-seekers/thank-you,google,cpc,University of Southern Maine,FY2019_Graduate,Maine,Lewiston,1,0,8,0,0,1,0,0
1/7/2019,/everyone-high-school-students/thank-you,google,cpc,Bachelor Degree Programs,FY2019_Undergrad,Maine,Scarborough,1,0,65,0,0,1,0,0
1/7/2019,/everyone-online-degree-seekers/thank-you,google,cpc,University of Southern Maine,FY2019_Online,Maine,Alfred,1,0,66,0,0,1,0,0
1/7/2019,/everyone-transfer-students/thank-you,google,cpc,Transfer Your Credits,FY2019_Transfer,Maine,Falmouth,1,0,0,0,0,1,1,0
1/8/2019,/everyone-graduate-degree-seekers/thank-you,google,cpc,Graduate Degree Programs,FY2019_Graduate,Maine,Waterboro,1,0,0,0,0,1,1,0
1/8/2019,/everyone-high-school-students/thank-you,Facebook,PageLink,FA19_IG_FB_VID_HS_UG_D_3,FY2019_Undergrad,Maine,Boothbay Harbor,1,0,0,0,0,1,1,0
1/8/2019,/everyone-high-school-students/thank-you,google,cpc,Undergraduate Degree Programs,FY2019_Undergrad,Dubai,Dubai,1,0,69,0,0,1,0,0
1/8/2019,/everyone-high-school-students/thank-you,google,cpc,Undergraduate Degree Programs,FY2019_Undergrad,Mombasa County,Mombasa,1,0,30,0,0,1,0,0
1/8/2019,/everyone-high-school-students/thank-you,google,cpc,Undergraduate Degree Programs,FY2019_Undergrad,North Carolina,Greenville,1,0,44,0,0,1,0,0
1/8/2019,/everyone-high-school-students/thank-you,google,cpc,Undergraduate Degree Programs,FY2019_Undergrad,North Holland,Amsterdam,1,0,24,0,0,1,0,0
1/8/2019,/everyone-online-degree-seekers/thank-you,google,cpc,Online Degree Program,FY2019_Online,Maine,Edgecomb,1,0,20,0,0,1,0,0
1/8/2019,/everyone-online-degree-seekers/thank-you,google,cpc,University of Southern Maine,FY2019_Online,Maine,Orono,1,0,6,0,0,1,0,0
1/8/2019,/everyone-online-degree-seekers/thank-you,google,cpc,University of Southern Maine,FY2019_Online,Maine,Sanford,1,0,21,0,0,1,0,0
1/8/2019,/everyone-transfer-students/thank-you,google,cpc,Earn Your Degree in Maine,FY2019_Transfer,Maine,Pittsfield,1,0,32,0,0,2,0,0
1/9/2019,/everyone-graduate-degree-seekers/thank-you,google,cpc,University of Southern Maine,FY2019_Graduate,Maine,Scarborough,1,0,10,0,0,1,0,0
1/9/2019,/everyone-high-school-students/thank-you,google,cpc,Undergraduate Degree Programs,FY2019_Undergrad,Connecticut,Torrington,1,0,44,0,0,1,0,0
1/9/2019,/everyone-transfer-students/thank-you,google,cpc,Transfer Your Credits,FY2019_Transfer,Maine,Scarborough,1,0,6,0,0,1,0,0
1/10/2019,/everyone-graduate-degree-seekers/thank-you,google,cpc,University of Southern Maine,FY2019_Graduate,Alabama,Hoover,1,0,162,0,0,1,0,0
1/10/2019,/everyone-high-school-students/thank-you,google,cpc,Undergraduate Degree Programs,FY2019_Undergrad,Georgia,Columbus,1,0,13,0,0,2,0,0
1/10/2019,/everyone-high-school-students/thank-you,google,cpc,Undergraduate Degree Programs,FY2019_Undergrad,Maine,Old Orchard Beach,1,0,13,0,0,1,0,0
1/10/2019,/everyone-transfer-students/thank-you,google,cpc,Earn Your Degree in Maine,FY2019_Transfer,(not set),(not set),1,0,160,0,0,1,0,0
1/10/2019,/everyone-transfer-students/thank-you,google,cpc,Transfer College,FY2019_Transfer,Andalusia,(not set),1,0,57,0,0,1,0,0
1/10/2019,/everyone-transfer-students/thank-you,google,cpc,Transfer College,FY2019_Transfer,New York,New York,1,0,247,0,0,1,0,0
1/11/2019,/everyone-graduate-degree-seekers/thank-you,google,cpc,University of Southern Maine,FY2019_Graduate,Maine,Bangor,1,0,16,0,0,1,0,0
1/11/2019,/everyone-graduate-degree-seekers/thank-you,google,cpc,University of Southern Maine,FY2019_Graduate,Maine,Presque Isle,1,0,28,0,0,1,0,0
1/11/2019,/everyone-high-school-students/thank-you,google,organic,(not set),(not set),Maine,Portland,1,0,11,1,0,2,1,71
1/11/2019,/everyone-high-school-students/thank-you,Instagram,Page Link,FA19_IG_IG_DISP_HS_UG_S_1,FY2019_Undergrad,Maine,Freeport,1,0,0,0,0,1,1,0
1/12/2019,/everyone-graduate-degree-seekers/thank-you,google,cpc,Univ. of Southern Maine,FY2019_Graduate,Maine,Brunswick,1,0,13,0,0,1,0,0
1/12/2019,/everyone-high-school-students/thank-you,google,cpc,Undergraduate Degree Programs,FY2019_Undergrad,New Jersey,Hammonton,1,0,23,0,0,1,0,0
1/12/2019,/everyone-transfer-students/thank-you,google,cpc,Transfer Your Credits,FY2019_Transfer,Maine,Sanford,1,0,0,0,0,1,1,0
1/13/2019,/everyone-transfer-students/thank-you,google,cpc,Transfer Your Credits,FY2019_Transfer,Maine,Portland,1,0,39,0,0,1,0,0
1/13/2019,/everyone-transfer-students/thank-you,PPH,Display,fa19_br_pph_disp_all_uni_s_2,FY2019_Umbrella,Maine,Portland,1,0,50,0,0,2,0,0
1/14/2019,/everyone-high-school-students/thank-you,google,cpc,Undergraduate Degree Programs,FY2019_Undergrad,Maine,Westbrook,1,0,0,0,0,1,1,0
1/14/2019,/everyone-online-degree-seekers/thank-you,google,cpc,University of Southern Maine,FY2019_Online,Florida,Tampa,1,0,15,0,0,1,0,0
1/14/2019,/everyone-transfer-students/thank-you,google,cpc,Transfer College,FY2019_Transfer,(not set),Monrovia,1,0,37,0,0,1,0,0
1/14/2019,/everyone-transfer-students/thank-you,google,cpc,Transfer College,FY2019_Transfer,Maine,Portland,1,0,18,0,0,1,0,0
1/14/2019,/everyone-transfer-students/thank-you,google,cpc,Transfer College,FY2019_Transfer,Maine,Saco,1,0,42,0,0,1,0,0
1/15/2019,/everyone-degree-completion/thank-you,Facebook,Page Link,FA19_IG_FB_DISP_WA_DC_S_1,FY2019_DegreeComp,Maine,Augusta,1,0,18,0,0,2,1,0
1/15/2019,/everyone-graduate-degree-seekers/thank-you,google,cpc,Univ. of Southern Maine,FY2019_Graduate,Maine,Hollis,1,0,33,0,0,1,0,0
1/15/2019,/everyone-high-school-students/thank-you,google,cpc,Undergraduate Degree Programs,FY2019_Undergrad,Maine,Standish,1,0,9,0,0,1,0,0
1/15/2019,/everyone-online-degree-seekers/thank-you,google,cpc,University of Southern Maine,FY2019_Online,New Hampshire,Freedom,1,0,12,0,0,1,0,0
1/16/2019,/everyone-high-school-students/thank-you,google,cpc,Undergraduate Degree Programs,FY2019_Undergrad,Amman Governorate,(not set),1,0,54,0,0,1,0,0
1/16/2019,/everyone-high-school-students/thank-you,google,cpc,Undergraduate Degree Programs,FY2019_Undergrad,Maine,Augusta,1,0,9,0,0,1,0,0
1/16/2019,/everyone-high-school-students/thank-you,google,cpc,Undergraduate Degree Programs,FY2019_Undergrad,Maine,Yarmouth,1,0,0,0,0,1,1,0
1/16/2019,/everyone-high-school-students/thank-you,google,cpc,Undergraduate Degree Programs,FY2019_Undergrad,Ohio,Amelia,1,0,0,0,0,1,1,0
1/16/2019,/everyone-high-school-students/thank-you,google,cpc,Undergraduate Degree Programs,FY2019_Undergrad,Virginia,Reston,1,0,13,0,0,2,0,0
1/16/2019,/everyone-online-degree-seekers/thank-you,google,cpc,University of Southern Maine,FY2019_Online,Maine,Sanford,1,0,29,0,0,1,0,0
1/16/2019,/everyone-transfer-students/thank-you,google,cpc,Transfer College,FY2019_Transfer,Virginia,Annandale,1,0,0,0,0,1,1,0
1/17/2019,/everyone-graduate-degree-seekers/thank-you,google,cpc,Master's Degree Programs,FY2019_Graduate,Maine,Camden,1,0,16,0,0,1,0,0
1/17/2019,/everyone-graduate-degree-seekers/thank-you,google,cpc,University of Southern Maine,FY2019_Graduate,Maine,Falmouth,1,0,48,0,0,1,0,0
1/17/2019,/everyone-high-school-students/thank-you,google,cpc,Undergraduate Degree Programs,FY2019_Undergrad,(not set),(not set),1,0,181,0,0,1,0,0
1/17/2019,/everyone-high-school-students/thank-you,google,cpc,Undergraduate Degree Programs,FY2019_Undergrad,Bavaria,Ansbach,1,0,34,0,0,2,0,0
1/17/2019,/everyone-high-school-students/thank-you,google,cpc,Undergraduate Degree Programs,FY2019_Undergrad,Maine,Portland,1,0,90,0,0,1,0,0
1/17/2019,/everyone-high-school-students/thank-you,google,cpc,Undergraduate Degree Programs,FY2019_Undergrad,Massachusetts,Boston,1,0,17,0,0,1,0,0
1/17/2019,/everyone-high-school-students/thank-you,google,cpc,Undergraduate Degree Programs,FY2019_Undergrad,New York,New York,1,0,24,0,0,1,0,0
1/17/2019,/everyone-online-degree-seekers/thank-you,google,cpc,University of Southern Maine,FY2019_Online,New Hampshire,Salem,1,0,0,0,0,1,1,0
1/17/2019,/everyone-transfer-students/thank-you,google,cpc,Transfer College,FY2019_Transfer,(not set),(not set),1,1,0,1,0,1,1,0
1/18/2019,/everyone-graduate-degree-seekers/thank-you,(direct),(none),(not set),(not set),Greater Accra Region,Accra,1,1,0,1,1,1,1,0
1/18/2019,/everyone-high-school-students/thank-you,google,cpc,Undergraduate Degree Programs,FY2019_Undergrad,Pennsylvania,Bethlehem,1,0,37,0,0,1,0,0
1/18/2019,/everyone-transfer-students/thank-you,google,cpc,Transfer College,FY2019_Transfer,(not set),(not set),1,0,195,0,0,2,0,0
1/18/2019,/everyone-transfer-students/thank-you,google,cpc,Transfer College,FY2019_Transfer,Maine,Scarborough,2,1,0,1,0,2,2,0
1/19/2019,/everyone-high-school-students/thank-you,google,cpc,Undergraduate Degree Programs,FY2019_Undergrad,Lisbon,Amadora,1,0,30,0,0,1,0,0
1/19/2019,/everyone-transfer-students/thank-you,google,cpc,Transfer College,FY2019_Transfer,Tangier-Tetouan-Al Hoceima,Tetouan,1,0,114,0,0,1,0,0
1/20/2019,/everyone-graduate-degree-seekers/thank-you,google,cpc,Univ. of Southern Maine,FY2019_Graduate,Maine,Saco,1,0,9,0,0,1,0,0
1/20/2019,/everyone-graduate-degree-seekers/thank-you,google,cpc,University of Southern Maine,FY2019_Graduate,Maine,Lewiston,2,1,0,1,0,2,2,0
1/20/2019,/everyone-high-school-students/thank-you,google,cpc,Undergraduate Degree Programs,FY2019_Undergrad,(not set),(not set),1,0,17,0,0,1,0,0
1/20/2019,/everyone-high-school-students/thank-you,google,cpc,Undergraduate Degree Programs,FY2019_Undergrad,(not set),Monrovia,1,0,71,0,0,1,0,0
1/20/2019,/everyone-high-school-students/thank-you,google,cpc,Undergraduate Degree Programs,FY2019_Undergrad,Maine,Kennebunk,1,0,92,0,0,1,0,0
1/21/2019,/everyone-graduate-degree-seekers/thank-you,google,cpc,Graduate Degree Programs,FY2019_Graduate,New Hampshire,Portsmouth,1,0,51,0,0,1,0,0
1/21/2019,/everyone-graduate-degree-seekers/thank-you,google,cpc,University of Southern Maine,FY2019_Graduate,Maine,Lewiston,1,0,6,0,0,1,0,0
1/21/2019,/everyone-high-school-students/thank-you,google,cpc,Undergraduate Degree Programs,FY2019_Undergrad,Kigali City,Kigali,1,0,0,0,0,1,1,0
1/21/2019,/everyone-high-school-students/thank-you,google,cpc,Undergraduate Degree Programs,FY2019_Undergrad,Maine,Portland,1,0,11,0,0,1,0,0
1/21/2019,/everyone-transfer-students/thank-you,google,cpc,Transfer Your Credits,FY2019_Transfer,Maine,Saco,1,0,13,0,0,1,0,0
1/22/2019,/everyone-high-school-students/thank-you,google,cpc,Undergraduate Degree Programs,FY2019_Undergrad,(not set),Addis Ababa,1,0,0,0,0,1,1,0
1/22/2019,/everyone-high-school-students/thank-you,google,cpc,Undergraduate Degree Programs,FY2019_Undergrad,Maine,Monmouth,1,0,0,0,0,1,1,0
1/22/2019,/everyone-online-degree-seekers/thank-you,google,cpc,University of Southern Maine,FY2019_Online,Maine,Wells,1,0,17,0,0,1,0,0
1/23/2019,/everyone-graduate-degree-seekers/thank-you,google,cpc,University of Southern Maine,FY2019_Graduate,Maine,Bangor,1,0,141,0,0,1,0,0
1/23/2019,/everyone-high-school-students/thank-you,google,cpc,Undergraduate Degree Programs,FY2019_Undergrad,(not set),Addis Ababa,1,1,0,1,0,1,1,0
1/23/2019,/everyone-high-school-students/thank-you,google,cpc,Undergraduate Degree Programs,FY2019_Undergrad,Massachusetts,Boston,1,0,0,0,0,1,1,0
1/23/2019,/everyone-high-school-students/thank-you,google,cpc,Undergraduate Degree Programs,FY2019_Undergrad,New York,New York,1,0,14,0,0,1,0,0
1/23/2019,/everyone-online-degree-seekers/thank-you,google,cpc,University of Southern Maine,FY2019_Online,Massachusetts,Boston,1,0,0,0,0,1,1,0
1/24/2019,/everyone-graduate-degree-seekers/thank-you,google,cpc,University of Southern Maine,FY2019_Graduate,Maine,Harpswell,1,0,9,0,0,1,0,0
1/24/2019,/everyone-high-school-students/thank-you,google,cpc,Undergraduate Degree Programs,FY2019_Undergrad,(not set),(not set),1,0,0,0,0,1,1,0
1/24/2019,/everyone-high-school-students/thank-you,google,cpc,Undergraduate Degree Programs,FY2019_Undergrad,Harare Province,Harare,1,0,0,0,0,1,1,0
1/24/2019,/everyone-high-school-students/thank-you,google,cpc,Undergraduate Degree Programs,FY2019_Undergrad,Massachusetts,Andover,1,0,8,0,0,1,0,0
1/24/2019,/everyone-high-school-students/thank-you,google,cpc,Undergraduate Degree Programs,FY2019_Undergrad,St. James Parish,Montego Bay,1,0,17,0,0,1,0,0
1/24/2019,/everyone-online-degree-seekers/thank-you,google,cpc,University of Southern Maine,FY2019_Online,Maine,Portland,1,0,11,0,0,1,0,0
1/24/2019,/everyone-online-degree-seekers/thank-you,google,cpc,University of Southern Maine,FY2019_Online,New York,New York,1,0,0,0,0,1,1,0
1/24/2019,/everyone-transfer-students/thank-you,google,cpc,Earn Your Degree in Maine,FY2019_Transfer,Greater Accra Region,Accra,1,0,59,0,0,1,0,0
1/24/2019,/everyone-transfer-students/thank-you,google,cpc,Transfer College,FY2019_Transfer,New Hampshire,Portsmouth,1,0,37,0,0,1,0,0
1/24/2019,/everyone-transfer-students/thank-you,google,cpc,Transfer College,FY2019_Transfer,West Bengal,Kolkata,1,0,225,0,0,1,0,0
1/25/2019,/everyone-graduate-degree-seekers/thank-you,google,cpc,Master's Programs in Maine,FY2019_Graduate,Aydin Province,Aydin,1,0,85,0,0,1,0,0
1/25/2019,/everyone-graduate-degree-seekers/thank-you,google,cpc,University of Southern Maine,FY2019_Graduate,Maine,Portland,1,0,89,0,0,1,0,0
1/25/2019,/everyone-high-school-students/thank-you,google,cpc,Undergraduate Degree Programs,FY2019_Undergrad,Maine,Saco,2,0,337,0,0,2,0,0
1/25/2019,/everyone-high-school-students/thank-you,google,cpc,Undergraduate Degree Programs,FY2019_Undergrad,Texas,Houston,1,0,0,0,0,1,1,0
1/26/2019,/everyone-high-school-students/thank-you,google,cpc,Undergraduate Degree Programs,FY2019_Undergrad,(not set),Addis Ababa,1,0,0,0,0,1,1,0
1/26/2019,/everyone-high-school-students/thank-you,google,cpc,Undergraduate Degree Programs,FY2019_Undergrad,Lagos,Lagos,1,0,24,0,0,1,0,0
1/26/2019,/everyone-high-school-students/thank-you,google,cpc,Undergraduate Degree Programs,FY2019_Undergrad,Maine,Buxton,1,0,0,0,0,1,1,0
1/26/2019,/everyone-high-school-students/thank-you,google,cpc,Undergraduate Degree Programs,FY2019_Undergrad,New York,New York,1,0,8,0,0,1,0,0
1/26/2019,/everyone-transfer-students/thank-you,google,cpc,Transfer College,FY2019_Transfer,Lagos,Lagos,1,0,29,0,0,1,0,0
1/27/2019,/everyone-graduate-degree-seekers/thank-you,google,cpc,Univ. of Southern Maine,FY2019_Graduate,New York,New York,1,0,12,0,0,1,0,0
1/27/2019,/everyone-graduate-degree-seekers/thank-you,google,cpc,University of Southern Maine,FY2019_Graduate,Maine,Lewiston,1,0,10,0,0,1,0,0
1/27/2019,/everyone-high-school-students/thank-you,google,cpc,Undergraduate Degree Programs,FY2019_Undergrad,(not set),Ulaanbaatar,1,0,12,0,0,1,0,0
1/27/2019,/everyone-high-school-students/thank-you,google,cpc,Undergraduate Degree Programs,FY2019_Undergrad,Massachusetts,Holyoke,1,0,11,0,0,1,0,0
1/27/2019,/everyone-high-school-students/thank-you,google,cpc,Undergraduate Degree Programs,FY2019_Undergrad,New Hampshire,Portsmouth,2,1,0,1,0,2,2,0
1/27/2019,/everyone-high-school-students/thank-you,Pinterest,TrafficPin,fa19_br_pin_disp_in_ug_s_1,FY2019_Influencers,Maine,Gorham,1,0,0,0,0,1,1,0
1/27/2019,/everyone-online-degree-seekers/thank-you,google,cpc,University of Southern Maine,FY2019_Online,Maine,Lewiston,1,0,9,0,0,1,0,0
1/27/2019,/everyone-transfer-students/thank-you,google,cpc,Earn Your Degree in Maine,FY2019_Transfer,Maine,Portland,1,0,0,0,0,1,1,0
1/27/2019,/everyone-transfer-students/thank-you,google,cpc,Transfer Your Credits,FY2019_Transfer,Maine,Scarborough,1,0,11,0,0,1,0,0
1/27/2019,/everyone-transfer-students/thank-you,google,cpc,Transfer Your Credits,FY2019_Transfer,Rhode Island,Providence,1,0,0,0,0,1,1,0
1/28/2019,/everyone-degree-completion/thank-you,LinkedIn,InMail,fa19_ig_li_text_wa_dc_s_1,FY2019_DegreeCompletion,Maine,Brunswick,1,0,0,0,0,1,1,0
1/28/2019,/everyone-graduate-degree-seekers/thank-you,google,cpc,University of Southern Maine,FY2019_Graduate,Maine,Buxton,1,0,0,0,0,1,1,0
1/28/2019,/everyone-high-school-students/thank-you,(direct),(none),(not set),(not set),Lagos,Lagos,1,0,447,1,1,1,0,447
1/28/2019,/everyone-high-school-students/thank-you,google,cpc,Undergraduate Degree Programs,FY2019_Undergrad,Maine,Portland,1,0,0,0,0,1,1,0
1/28/2019,/everyone-high-school-students/thank-you,google,cpc,Undergraduate Degree Programs,FY2019_Undergrad,New York,Herkimer,1,0,26,0,0,1,0,0
1/28/2019,/everyone-high-school-students/thank-you,google,cpc,Undergraduate Degree Programs,FY2019_Undergrad,Wisconsin,West Bend,1,0,21,0,0,1,0,0
1/28/2019,/everyone-transfer-students/thank-you,google,cpc,Earn Your Degree in Maine,FY2019_Transfer,Maine,Portland,1,1,0,1,0,1,1,0
1/28/2019,/everyone-transfer-students/thank-you,google,cpc,Earn Your Degree in Maine,FY2019_Transfer,Maine,Saco,1,0,0,0,0,1,1,0
1/28/2019,/everyone-transfer-students/thank-you,google,cpc,Transfer College,FY2019_Transfer,Sulaymaniyah Governorate,(not set),2,1,0,1,0,2,2,0
1/28/2019,/everyone-transfer-students/thank-you,google,cpc,Transfer College,FY2019_Transfer,Tehran,Tehran,1,0,151,0,0,2,1,0
1/29/2019,/everyone-degree-completion/thank-you,LinkedIn,InMail,fa19_ig_li_text_wa_dc_s_1,FY2019_DegreeCompletion,Florida,Inverness,1,0,0,0,0,1,1,0
1/29/2019,/everyone-graduate-degree-seekers/thank-you,google,cpc,Graduate Degree Programs,FY2019_Graduate,Greater Accra Region,Accra,2,0,2021,0,0,2,0,0
1/29/2019,/everyone-graduate-degree-seekers/thank-you,google,cpc,Univ. of Southern Maine,FY2019_Graduate,Maine,Freeport,1,0,0,0,0,1,1,0
1/29/2019,/everyone-graduate-degree-seekers/thank-you,google,cpc,University of Southern Maine,FY2019_Graduate,Maine,Orono,1,0,18,0,0,1,0,0
1/29/2019,/everyone-high-school-students/thank-you,google,cpc,Undergraduate Degree Programs,FY2019_Undergrad,(not set),Addis Ababa,1,1,0,1,0,1,1,0
1/29/2019,/everyone-high-school-students/thank-you,google,cpc,Undergraduate Degree Programs,FY2019_Undergrad,Maine,Paris,1,0,25,0,0,1,0,0
1/29/2019,/everyone-high-school-students/thank-you,google,cpc,Undergraduate Degree Programs,FY2019_Undergrad,Maine,Scarborough,1,0,44,0,0,1,0,0
1/29/2019,/everyone-high-school-students/thank-you,google,cpc,Undergraduate Degree Programs,FY2019_Undergrad,New York,New York,1,0,0,0,0,1,1,0
1/29/2019,/everyone-transfer-students/thank-you,google,cpc,Transfer College,FY2019_Transfer,(not set),(not set),1,0,94,0,0,1,0,0
1/29/2019,/everyone-transfer-students/thank-you,google,cpc,Transfer College,FY2019_Transfer,Maine,Sanford,1,0,15,0,0,1,0,0
1/29/2019,/everyone-transfer-students/thank-you,google,cpc,Transfer College,FY2019_Transfer,Sulaymaniyah Governorate,(not set),1,1,0,1,0,1,1,0
1/30/2019,/everyone-transfer-students/thank-you,google,cpc,Transfer College,FY2019_Transfer,(not set),Addis Ababa,1,0,159,0,0,1,0,0
1/31/2019,/everyone-high-school-students/thank-you,google,cpc,Undergraduate Degree Programs,FY2019_Undergrad,(not set),Dar es Salaam,1,0,0,0,0,1,1,0
1/31/2019,/everyone-transfer-students/thank-you,applyweb.com,referral,(not set),(not set),(not set),(not set),1,0,736,1,0,2,1,736
1/31/2019,/everyone-transfer-students/thank-you,google,cpc,Transfer College,FY2019_Transfer,New Hampshire,Somersworth,1,0,0,0,0,1,1,0
2/1/2019,/everyone-graduate-degree-seekers/thank-you,google,cpc,Univ. of Southern Maine,FY2019_Graduate,Maine,Cumberland,1,0,8,0,0,2,0,0
2/1/2019,/everyone-high-school-students/thank-you,google,cpc,Undergraduate Degree Programs,FY2019_Undergrad,(not set),Addis Ababa,1,1,0,1,0,1,1,0
2/1/2019,/everyone-high-school-students/thank-you,google,cpc,Undergraduate Degree Programs,FY2019_Undergrad,Kigali City,Kigali,1,0,264,0,0,2,0,0
2/1/2019,/everyone-high-school-students/thank-you,google,cpc,Undergraduate Degree Programs,FY2019_Undergrad,Lagos,Lagos,1,0,31,0,0,2,1,0
2/1/2019,/everyone-online-degree-seekers/thank-you,(direct),(none),(not set),(not set),Maine,Portland,1,1,0,1,1,1,1,0
2/1/2019,/everyone-transfer-students/thank-you,google,cpc,Transfer College,FY2019_Transfer,Hajdu-Bihar,Debrecen,1,0,118,0,0,1,0,0
2/2/2019,/everyone-high-school-students/thank-you,google,cpc,Undergraduate Degree Programs,FY2019_Undergrad,Maine,Westbrook,1,0,93,0,0,1,0,0
2/2/2019,/everyone-online-degree-seekers/thank-you,google,cpc,University of Southern Maine,FY2019_Online,Maine,Scarborough,1,0,29,0,0,1,0,0
2/3/2019,/everyone-graduate-degree-seekers/thank-you,google,cpc,University of Southern Maine,FY2019_Graduate,Maine,Raymond,1,0,62,0,0,2,0,0
2/3/2019,/everyone-high-school-students/thank-you,google,cpc,Undergraduate Degree Programs,FY2019_Undergrad,Maryland,Baltimore,1,0,1352,0,0,2,0,0
2/3/2019,/everyone-high-school-students/thank-you,google,cpc,Undergraduate Degree Programs,FY2019_Undergrad,St. Andrew Parish,Kingston,1,0,15,0,0,1,0,0
2/3/2019,/everyone-online-degree-seekers/thank-you,google,cpc,University of Southern Maine,FY2019_Online,Maine,Brunswick,1,0,0,0,0,1,1,0
2/3/2019,/everyone-transfer-students/thank-you,google,cpc,Transfer College,FY2019_Transfer,Massachusetts,Boston,1,0,36,0,0,1,0,0
2/3/2019,/everyone-transfer-students/thank-you,google,cpc,Transfer College,FY2019_Transfer,Rajasthan,Jaipur,1,0,30,0,0,1,0,0
2/4/2019,/everyone-high-school-students/thank-you,google,cpc,Undergraduate Degree Programs,FY2019_Undergrad,District of Columbia,Washington,1,0,47,0,0,1,0,0
2/4/2019,/everyone-high-school-students/thank-you,google,cpc,Undergraduate Degree Programs,FY2019_Undergrad,Kigali City,Kigali,1,0,226,0,0,1,0,0
2/4/2019,/everyone-transfer-students/thank-you,google,cpc,Transfer College,FY2019_Transfer,Maine,Bangor,1,0,5,0,0,1,0,0
2/5/2019,/everyone-graduate-degree-seekers/thank-you,google,cpc,Master's Degree Program,FY2019_Graduate,West Bengal,Kolkata,1,0,24,0,0,1,0,0
2/5/2019,/everyone-graduate-degree-seekers/thank-you,google,cpc,University of Southern Maine,FY2019_Graduate,Connecticut,Woodstock,1,0,37,0,0,1,0,0
2/5/2019,/everyone-high-school-students/thank-you,google,cpc,Bachelor Degree Programs,FY2019_Undergrad,Illinois,Chicago,1,0,12,0,0,1,0,0
2/5/2019,/everyone-high-school-students/thank-you,google,cpc,Undergraduate Degree Programs,FY2019_Undergrad,Maine,Buxton,1,0,18,0,0,1,0,0
2/5/2019,/everyone-high-school-students/thank-you,google,cpc,Undergraduate Degree Programs,FY2019_Undergrad,New Hampshire,Conway,1,0,42,0,0,1,0,0
2/5/2019,/everyone-high-school-students/thank-you,google,cpc,Undergraduate Degree Programs,FY2019_Undergrad,New York,Hampton Bays,1,0,25,0,0,1,0,0
2/5/2019,/everyone-online-degree-seekers/thank-you,(direct),(none),(not set),(not set),New York,Getzville,1,0,21,0,0,1,0,0
2/5/2019,/everyone-transfer-students/thank-you,google,cpc,Transfer College,FY2019_Transfer,Florida,Sorrento,1,0,0,0,0,1,1,0
2/5/2019,/everyone-transfer-students/thank-you,google,cpc,Transfer College,FY2019_Transfer,Illinois,Chicago,1,0,0,0,0,1,1,0
2/6/2019,/everyone-high-school-students/thank-you,google,cpc,Undergraduate Degree Programs,FY2019_Undergrad,Harare Province,Harare,1,0,22,0,0,1,0,0
2/6/2019,/everyone-high-school-students/thank-you,google,cpc,Undergraduate Degree Programs,FY2019_Undergrad,Maine,Rockport,1,0,12,0,0,1,0,0
2/6/2019,/everyone-online-degree-seekers/thank-you,google,cpc,University of Southern Maine,FY2019_Online,Illinois,Chicago,1,0,65,0,0,1,0,0
2/6/2019,/everyone-transfer-students/thank-you,google,cpc,Earn Your Degree in Maine,FY2019_Transfer,Maine,Farmington,1,0,14,0,0,1,0,0
2/6/2019,/everyone-transfer-students/thank-you,google,cpc,Transfer College,FY2019_Transfer,Illinois,Chicago,2,2,0,2,0,2,2,0
2/7/2019,/everyone-graduate-degree-seekers/thank-you,google,cpc,University of Southern Maine,FY2019_Graduate,Pennsylvania,Glenside,1,0,11,0,0,2,0,0
2/7/2019,/everyone-graduate-degree-seekers/thank-you,LinkedIn,InMail,fa19_ig_li_text_wa_gr_s_1,FY2019_Graduate,Maine,Sanford,1,0,0,0,0,1,1,0
2/7/2019,/everyone-high-school-students/thank-you,google,cpc,Undergraduate Degree Programs,FY2019_Undergrad,Central Development Region,(not set),1,0,11,0,0,1,0,0
2/7/2019,/everyone-high-school-students/thank-you,google,cpc,Undergraduate Degree Programs,FY2019_Undergrad,Maine,Biddeford,1,1,0,1,0,1,1,0
2/7/2019,/everyone-high-school-students/thank-you,google,cpc,Undergraduate Degree Programs,FY2019_Undergrad,Maine,Scarborough,1,0,0,0,0,1,1,0
2/7/2019,/everyone-high-school-students/thank-you,google,cpc,Undergraduate Degree Programs,FY2019_Undergrad,New Hampshire,Dover,1,0,19,0,0,1,0,0
2/7/2019,/everyone-transfer-students/thank-you,google,cpc,Transfer College,FY2019_Transfer,New Hampshire,Manchester,1,0,0,0,0,1,1,0
2/8/2019,/everyone-graduate-degree-seekers/thank-you,google,cpc,University of Southern Maine,FY2019_Graduate,Maine,Waterville,1,0,19,0,0,1,0,0
2/9/2019,/everyone-graduate-degree-seekers/thank-you,google,cpc,Univ. of Southern Maine,FY2019_Graduate,Ohio,Granville,1,0,0,0,0,1,1,0
2/9/2019,/everyone-high-school-students/thank-you,google,cpc,Undergraduate Degree Programs,FY2019_Undergrad,(not set),(not set),1,0,14,0,0,1,0,0
2/9/2019,/everyone-high-school-students/thank-you,google,cpc,Undergraduate Degree Programs,FY2019_Undergrad,Maine,Hope,1,0,0,0,0,1,1,0
2/9/2019,/everyone-high-school-students/thank-you,google,cpc,Undergraduate Degree Programs,FY2019_Undergrad,Massachusetts,Billerica,1,0,27,0,0,3,1,0
2/9/2019,/everyone-high-school-students/thank-you,google,cpc,Undergraduate Degree Programs,FY2019_Undergrad,Nairobi County,Nairobi,1,0,10,0,0,1,0,0
2/9/2019,/everyone-transfer-students/thank-you,google,cpc,Transfer Your Credits,FY2019_Transfer,Maine,Portland,1,0,16,0,0,1,0,0
2/10/2019,/everyone-high-school-students/thank-you,google,cpc,Undergraduate Degree Programs,FY2019_Undergrad,Maine,Presque Isle,1,0,9,0,0,1,0,0
2/10/2019,/everyone-high-school-students/thank-you,google,cpc,Undergraduate Degree Programs,FY2019_Undergrad,New York,Endicott,1,0,20,0,0,1,0,0
2/10/2019,/everyone-high-school-students/thank-you,google,cpc,Undergraduate Degree Programs,FY2019_Undergrad,Rhode Island,Providence,1,0,66,0,0,1,0,0
2/10/2019,/everyone-transfer-students/thank-you,google,cpc,Transfer College,FY2019_Transfer,Markazi,Arak,1,0,0,0,0,1,1,0
2/11/2019,/everyone-high-school-students/thank-you,google,cpc,Undergraduate Degree Programs,FY2019_Undergrad,(not set),(not set),1,0,0,0,0,1,1,0
2/11/2019,/everyone-high-school-students/thank-you,google,cpc,Undergraduate Degree Programs,FY2019_Undergrad,Maine,Orono,1,0,7,0,0,1,0,0
2/11/2019,/everyone-high-school-students/thank-you,google,cpc,Undergraduate Degree Programs,FY2019_Undergrad,Maine,Rumford,1,0,22,0,0,1,0,0
2/11/2019,/everyone-high-school-students/thank-you,google,cpc,Undergraduate Degree Programs,FY2019_Undergrad,New Hampshire,Conway,1,0,68,0,0,2,0,0
2/11/2019,/everyone-transfer-students/thank-you,google,cpc,Transfer College,FY2019_Transfer,California,Clearlake,1,0,16,0,0,1,0,0
2/11/2019,/everyone-transfer-students/thank-you,google,cpc,Transfer College,FY2019_Transfer,Chandigarh,Chandigarh,1,0,65,0,0,2,0,0
2/11/2019,/everyone-transfer-students/thank-you,google,cpc,Transfer College,FY2019_Transfer,Maine,Rockland,1,0,10,0,0,2,1,0
2/12/2019,/everyone-graduate-degree-seekers/thank-you,google,cpc,Master's Degree Program,FY2019_Graduate,Maine,Bangor,1,0,12,0,0,1,0,0
2/12/2019,/everyone-graduate-degree-seekers/thank-you,google,cpc,Univ. of Southern Maine,FY2019_Graduate,Sindh,Karachi,1,0,34,0,0,1,0,0
2/12/2019,/everyone-high-school-students/thank-you,google,cpc,Undergraduate Degree Programs,FY2019_Undergrad,New Hampshire,Rochester,1,0,9,0,0,1,0,0
2/12/2019,/everyone-transfer-students/thank-you,google,cpc,Transfer College,FY2019_Transfer,Maine,Topsham,1,0,9,0,0,1,0,0
2/12/2019,/everyone-transfer-students/thank-you,google,cpc,Transfer College,FY2019_Transfer,Maine,Windham,2,0,13,1,0,2,1,467
2/12/2019,/everyone-transfer-students/thank-you,google,cpc,Transfer College,FY2019_Transfer,Maine,York,1,1,0,1,0,1,1,0
2/12/2019,/honors/thank-you-dara-jeanne-kaufman-fund,google,organic,(not set),(not set),Maine,Portland,1,1,0,1,1,1,1,0
2/13/2019,/everyone-high-school-students/thank-you,google,cpc,Transfer College,FY2019_Transfer,(not set),(not set),1,1,0,1,0,1,1,0
2/14/2019,/everyone-graduate-degree-seekers/thank-you,google,cpc,Graduate Degree Programs,FY2019_Graduate,Addis Ababa,Addis Ababa,1,0,29,0,0,1,0,0
2/14/2019,/everyone-high-school-students/thank-you,(direct),(none),(not set),(not set),Tennessee,Memphis,17,17,0,17,17,17,17,0
2/14/2019,/everyone-high-school-students/thank-you,0.0.0.0:4444,referral,(not set),(not set),Tennessee,Memphis,1,1,0,1,1,1,1,0
2/14/2019,/everyone-high-school-students/thank-you,10.191.54.222:4444,referral,(not set),(not set),Tennessee,Memphis,1,1,0,1,1,1,1,0
2/14/2019,/everyone-high-school-students/thank-you,google,cpc,Undergraduate Degree Programs,FY2019_Undergrad,England,Birstall,1,0,23,0,0,1,0,0
2/14/2019,/everyone-transfer-students/thank-you,google,cpc,Transfer College,FY2019_Transfer,Maine,Waterboro,1,0,21,0,0,1,0,0
2/15/2019,/everyone-high-school-students/thank-you,google,cpc,Bachelor Degree Programs,FY2019_Undergrad,(not set),Monrovia,1,0,0,0,0,1,1,0
2/15/2019,/everyone-high-school-students/thank-you,google,cpc,Undergraduate Degree Programs,FY2019_Undergrad,Maine,Bucksport,1,1,0,1,0,1,1,0
2/15/2019,/everyone-high-school-students/thank-you,google,cpc,Undergraduate Degree Programs,FY2019_Undergrad,North Carolina,Greenville,1,0,0,0,0,1,1,0
2/15/2019,/everyone-online-degree-seekers/thank-you,google,cpc,University of Southern Maine,FY2019_Online,Maine,Ogunquit,1,0,0,0,0,1,1,0
2/15/2019,/everyone-transfer-students/thank-you,google,cpc,Transfer College,FY2019_Transfer,Uttar Pradesh,Greater Noida,1,0,19,0,0,1,0,0
2/16/2019,/everyone-graduate-degree-seekers/thank-you,google,cpc,University of Southern Maine,FY2019_Graduate,New Hampshire,Bradford,1,0,15,0,0,1,0,0
2/16/2019,/everyone-high-school-students/thank-you,google,cpc,Undergraduate Degree Programs,FY2019_Undergrad,(not set),(not set),1,0,29,0,0,2,0,0
2/16/2019,/everyone-high-school-students/thank-you,google,cpc,Undergraduate Degree Programs,FY2019_Undergrad,South Sulawesi,Makassar,1,0,24,0,0,1,0,0
2/17/2019,/everyone-degree-completion/thank-you,LinkedIn,InMail,fa19_ig_li_text_wa_dc_s_1,FY2019_DegreeCompletion,Maine,Ellsworth,1,0,0,0,0,1,1,0
2/17/2019,/everyone-graduate-degree-seekers/thank-you,google,cpc,Graduate Degree Programs,FY2019_Graduate,Western Province,Colombo,1,0,18,0,0,1,0,0
2/17/2019,/everyone-transfer-students/thank-you,google,cpc,Transfer College,FY2019_Transfer,Pennsylvania,Devault,1,0,14,0,0,2,0,0
2/18/2019,/everyone-graduate-degree-seekers/thank-you,google,cpc,Graduate Degree Programs,FY2019_Graduate,England,London,1,0,12,0,0,1,0,0
2/18/2019,/everyone-high-school-students/thank-you,Doubleclick Bid Manager,Display,fa19_br_dbm_disp_all_uni_s_7,FY2019_Umbrella,Maine,Troy,1,0,822,0,0,1,0,0
2/18/2019,/everyone-high-school-students/thank-you,google,cpc,Undergraduate Degree Programs,FY2019_Undergrad,Connecticut,East Haddam,1,0,199,0,0,2,0,0
2/18/2019,/everyone-high-school-students/thank-you,google,cpc,Undergraduate Degree Programs,FY2019_Undergrad,Uttar Pradesh,Lucknow,1,0,41,0,0,2,0,0
2/19/2019,/everyone-graduate-degree-seekers/thank-you,google,cpc,Master's Degree Programs,FY2019_Graduate,Maine,Portland,1,0,11,0,0,1,0,0
2/19/2019,/everyone-graduate-degree-seekers/thank-you,google,cpc,University of Southern Maine,FY2019_Graduate,Maine,Scarborough,1,0,0,0,0,1,1,0
2/19/2019,/everyone-high-school-students/thank-you,google,cpc,Undergraduate Degree Programs,FY2019_Undergrad,Kiambu County,Juja,1,0,41,0,0,2,0,0
2/19/2019,/everyone-high-school-students/thank-you,google,cpc,Undergraduate Degree Programs,FY2019_Undergrad,Maine,Alfred,1,0,283,0,0,1,0,0
2/19/2019,/everyone-transfer-students/thank-you,google,cpc,Transfer College,FY2019_Transfer,Massachusetts,Boston,1,0,13,0,0,1,0,0
2/20/2019,/everyone-degree-completion/thank-you,(direct),(none),(not set),(not set),New York,New York,1,1,0,1,1,1,1,0
2/21/2019,/everyone-degree-completion/thank-you,LinkedIn,InMail,fa19_ig_li_text_wa_dc_s_1,FY2019_DegreeCompletion,North Carolina,Greenville,1,0,49,0,0,1,0,0
2/21/2019,/everyone-graduate-degree-seekers/thank-you,google,cpc,University of Southern Maine,FY2019_Graduate,Rhode Island,Tiverton,1,0,15,0,0,1,0,0
2/21/2019,/everyone-high-school-students/thank-you,google,cpc,Undergraduate Degree Programs,FY2019_Undergrad,Addis Ababa,Addis Ababa,1,0,0,0,0,1,1,0
2/21/2019,/everyone-high-school-students/thank-you,google,cpc,Undergraduate Degree Programs,FY2019_Undergrad,Maine,Lewiston,1,0,17,0,0,1,0,0
2/21/2019,/everyone-high-school-students/thank-you,google,cpc,Undergraduate Degree Programs,FY2019_Undergrad,North Dakota,Carrington,1,0,1,0,0,1,0,0
2/21/2019,/everyone-online-degree-seekers/thank-you,google,cpc,University of Southern Maine,FY2019_Online,Utah,Taylorsville,1,0,0,0,0,1,1,0
2/21/2019,/everyone-transfer-students/thank-you,google,cpc,Transfer College,FY2019_Transfer,Bogota,Bogota,1,0,6,0,0,1,0,0
2/22/2019,/everyone-high-school-students/thank-you,google,cpc,Undergraduate Degree Programs,FY2019_Undergrad,Maine,Lewiston,1,0,16,0,0,1,0,0
2/22/2019,/everyone-high-school-students/thank-you,google,cpc,Undergraduate Degree Programs,FY2019_Undergrad,Maine,Saco,1,0,10,0,0,1,0,0
2/22/2019,/everyone-high-school-students/thank-you,google,cpc,Undergraduate Degree Programs,FY2019_Undergrad,Massachusetts,Boston,1,0,10,0,0,1,0,0
2/22/2019,/everyone-transfer-students/thank-you,google,cpc,Transfer College,FY2019_Transfer,Maine,South Portland,1,0,371,0,0,1,0,0
2/22/2019,/everyone-transfer-students/thank-you,google,cpc,Transfer College,FY2019_Transfer,Maseru,Maseru,1,0,17,0,0,1,0,0
2/22/2019,/everyone-transfer-students/thank-you,google,cpc,Transfer College,FY2019_Transfer,Souss-Massa,Agadir,1,0,48,0,0,1,0,0
2/23/2019,/everyone-degree-completion/thank-you,LinkedIn,InMail,fa19_ig_li_text_wa_dc_s_1,FY2019_DegreeCompletion,New Hampshire,Manchester,1,0,0,0,0,1,1,0
2/23/2019,/everyone-graduate-degree-seekers/thank-you,google,cpc,University of Southern Maine,FY2019_Graduate,New York,New York,1,0,0,0,0,1,1,0
2/23/2019,/everyone-high-school-students/thank-you,google,cpc,Undergraduate Degree Programs,FY2019_Undergrad,Illinois,Chicago,1,0,21,0,0,1,0,0
2/23/2019,/everyone-high-school-students/thank-you,google,cpc,Undergraduate Degree Programs,FY2019_Undergrad,Maine,Bangor,1,0,20,0,0,1,0,0
2/23/2019,/everyone-online-degree-seekers/thank-you,google,cpc,University of Southern Maine,FY2019_Online,Maine,Portland,2,0,5,0,0,2,1,0
2/23/2019,/everyone-online-degree-seekers/thank-you,google,cpc,University of Southern Maine,FY2019_Online,Maine,Saco,1,0,11,0,0,1,0,0
2/23/2019,/everyone-transfer-students/thank-you,google,cpc,Transfer College,FY2019_Transfer,(not set),(not set),1,0,30,0,0,1,0,0
2/24/2019,/everyone-high-school-students/thank-you,google,cpc,Undergraduate Degree Programs,FY2019_Undergrad,Maine,Bangor,1,0,22,0,0,1,0,0
2/24/2019,/everyone-transfer-students/thank-you,google,cpc,Earn Your Maine College Degree,FY2019_Transfer,Maine,Kennebunkport,1,0,11,0,0,1,0,0
2/24/2019,/everyone-transfer-students/thank-you,google,cpc,Transfer College,FY2019_Transfer,New Hampshire,Portsmouth,1,0,10,0,0,1,0,0
2/24/2019,/everyone-transfer-students/thank-you,google,cpc,Transfer College,FY2019_Transfer,Tirana County,(not set),1,0,11,0,0,1,0,0
2/25/2019,/everyone-graduate-degree-seekers/thank-you,google,cpc,University of Southern Maine,FY2019_Graduate,Maryland,Ellicott City,1,0,62,0,0,1,0,0
2/25/2019,/everyone-high-school-students/thank-you,google,cpc,Undergraduate Degree Programs,FY2019_Undergrad,Kigali City,Kigali,1,0,0,0,0,1,1,0
2/25/2019,/everyone-high-school-students/thank-you,google,cpc,Undergraduate Degree Programs,FY2019_Undergrad,Maine,Brunswick,1,0,18,0,0,1,0,0
2/25/2019,/everyone-high-school-students/thank-you,google,cpc,Undergraduate Degree Programs,FY2019_Undergrad,New York,Fairport,2,1,0,1,0,2,2,0
2/25/2019,/everyone-online-degree-seekers/thank-you,google,cpc,(not set),(not set),Maine,Standish,1,0,12,0,0,1,0,0
2/26/2019,/everyone-high-school-students/thank-you,google,cpc,Undergraduate Degree Programs,FY2019_Undergrad,Addis Ababa,Addis Ababa,1,0,0,0,0,1,1,0
2/26/2019,/everyone-high-school-students/thank-you,google,cpc,Undergraduate Degree Programs,FY2019_Undergrad,New York,Fairport,2,2,0,2,0,2,2,0
2/26/2019,/everyone-high-school-students/thank-you,google,cpc,Undergraduate Degree Programs,FY2019_Undergrad,Okinawa Prefecture,Okinawa,1,0,24,0,0,1,0,0
2/27/2019,/everyone-graduate-degree-seekers/thank-you,LinkedIn,InMail,fa19_ig_li_text_wa_gr_s_1,FY2019_Graduate,Maine,Waterville,1,0,0,0,0,1,1,0
2/28/2019,/everyone-transfer-students/thank-you,google,cpc,Transfer College,FY2019_Transfer,Maine,Wiscasset,1,0,26,0,0,2,0,0
2/28/2019,/everyone-transfer-students/thank-you,google,cpc,Transfer Your Credits,FY2019_Transfer,Maine,South Portland,1,0,446,0,0,1,0,0
3/1/2019,/everyone-graduate-degree-seekers/thank-you,google,cpc,University of Southern Maine,FY2019_Graduate,Maine,Portland,1,0,7,0,0,1,0,0
3/1/2019,/everyone-high-school-students/thank-you,google,cpc,Bachelor Degree Programs,FY2019_Undergrad,Lagos,Lagos,1,0,0,0,0,1,1,0
3/1/2019,/everyone-high-school-students/thank-you,google,cpc,Undergraduate Degree Programs,FY2019_Undergrad,Phnom Penh,Phnom Penh,1,0,26,0,0,1,0,0
3/2/2019,/everyone-graduate-degree-seekers/thank-you,google,cpc,Univ. of Southern Maine,FY2019_Graduate,Maine,Richmond,1,0,0,0,0,1,1,0
3/2/2019,/everyone-high-school-students/thank-you,google,cpc,Undergraduate Degree Programs,FY2019_Undergrad,Massachusetts,Boston,1,0,76,0,0,1,0,0
3/2/2019,/everyone-online-degree-seekers/thank-you,google,cpc,University of Southern Maine,FY2019_Online,Maine,Falmouth,1,0,25,0,0,1,0,0
3/2/2019,/everyone-transfer-students/thank-you,google,cpc,Earn Your Degree in Maine,FY2019_Transfer,Maine,Freeport,1,0,45,0,0,2,0,0
3/2/2019,/everyone-transfer-students/thank-you,google,cpc,Transfer College,FY2019_Transfer,Oregon,Oregon City,1,0,44,0,0,3,1,0
3/3/2019,/everyone-high-school-students/thank-you,google,cpc,Undergraduate Degree Programs,FY2019_Undergrad,Maine,Gorham,1,0,23,0,0,5,0,0
3/3/2019,/everyone-online-degree-seekers/thank-you,google,cpc,Bachelor's Degree Program,FY2019_Online,Maine,Farmington,1,0,67,0,0,1,0,0
3/3/2019,/everyone-transfer-students/thank-you,google,cpc,Transfer College,FY2019_Transfer,Vermont,Saint Albans City,1,0,277,0,0,1,0,0
3/3/2019,/everyone-transfer-students/thank-you,google,cpc,Transfer Your Credits,FY2019_Transfer,Chandigarh,Chandigarh,1,0,0,0,0,1,1,0
3/3/2019,/everyone-transfer-students/thank-you,google,cpc,Transfer Your Credits,FY2019_Transfer,Maine,Falmouth,1,0,13,0,0,1,0,0
3/4/2019,/everyone-graduate-degree-seekers/thank-you,google,cpc,Master's Degree Programs,FY2019_Graduate,Maine,Saco,1,0,0,0,0,1,1,0
3/4/2019,/everyone-graduate-degree-seekers/thank-you,google,cpc,Univ. of Southern Maine,FY2019_Graduate,Maine,Bangor,1,0,25,0,0,1,0,0
3/4/2019,/everyone-high-school-students/thank-you,google,cpc,Undergraduate Degree Programs,FY2019_Undergrad,Maharashtra,Mumbai,1,0,0,0,0,1,1,0
3/4/2019,/everyone-high-school-students/thank-you,google,cpc,Undergraduate Degree Programs,FY2019_Undergrad,New Hampshire,Hampton,1,0,12,0,0,1,0,0
3/5/2019,/everyone-graduate-degree-seekers/thank-you,google,cpc,Univ. of Southern Maine,FY2019_Graduate,Maine,Sanford,1,0,80,0,0,1,0,0
3/5/2019,/everyone-transfer-students/thank-you,google,cpc,Transfer Your Credits,FY2019_Transfer,Maine,Portland,1,0,15,0,0,1,0,0
3/6/2019,/everyone-graduate-degree-seekers/thank-you,google,cpc,Graduate Degree Programs,FY2019_Graduate,Massachusetts,Boston,1,0,25,0,0,3,0,0
3/6/2019,/everyone-graduate-degree-seekers/thank-you,google,cpc,Master's Degree Programs,FY2019_Graduate,Maine,Westbrook,1,0,0,0,0,1,1,0
3/6/2019,/everyone-high-school-students/thank-you,google,cpc,Undergraduate Degree Programs,FY2019_Undergrad,Rhode Island,Providence,1,0,81,0,0,1,0,0
3/7/2019,/everyone-graduate-degree-seekers/thank-you,google,cpc,Univ. of Southern Maine,FY2019_Graduate,Maine,Portland,1,0,29,0,0,2,0,0
3/7/2019,/everyone-graduate-degree-seekers/thank-you,google,cpc,University of Southern Maine,FY2019_Graduate,Maine,Monmouth,1,0,5,0,0,1,0,0
3/7/2019,/everyone-graduate-degree-seekers/thank-you,google,cpc,University of Southern Maine,FY2019_Graduate,North Carolina,Greenville,1,0,16,0,0,1,0,0
3/7/2019,/everyone-high-school-students/thank-you,google,cpc,(not set),(not set),Michigan,Muskegon,1,0,11,0,0,1,0,0
3/7/2019,/everyone-high-school-students/thank-you,google,cpc,Undergraduate Degree Programs,FY2019_Undergrad,Maine,Cornish,1,0,0,0,0,1,1,0
3/7/2019,/everyone-transfer-students/thank-you,google,cpc,Transfer Your Credits,FY2019_Transfer,Maine,Gorham,2,1,70,1,0,4,2,0
3/8/2019,/everyone-graduate-degree-seekers/thank-you,google,cpc,Master's Degree Program,FY2019_Graduate,Lagos,Lagos,1,0,61,0,0,1,0,0
3/8/2019,/everyone-high-school-students/thank-you,google,cpc,Undergraduate Degree Programs,FY2019_Undergrad,Central Development Region,Kathmandu,1,0,32,0,0,1,0,0
3/8/2019,/everyone-high-school-students/thank-you,google,cpc,Undergraduate Degree Programs,FY2019_Undergrad,Maine,Portland,1,0,810,0,0,1,0,0
3/8/2019,/everyone-high-school-students/thank-you,google,cpc,Undergraduate Degree Programs,FY2019_Undergrad,Massachusetts,Littleton,2,1,0,1,0,2,2,0
3/9/2019,/everyone-graduate-degree-seekers/thank-you,google,cpc,Master's Degree Programs,FY2019_Graduate,Maine,Harpswell,1,0,0,0,0,1,1,0
3/9/2019,/everyone-graduate-degree-seekers/thank-you,google,cpc,University of Southern Maine,FY2019_Graduate,Maine,Poland,1,0,13,0,0,1,0,0
3/9/2019,/everyone-high-school-students/thank-you,google,cpc,Undergraduate Degree Programs,FY2019_Undergrad,Massachusetts,Plymouth,1,0,121,0,0,1,0,0
3/9/2019,/everyone-transfer-students/thank-you,google,cpc,Earn Your Maine College Degree,FY2019_Transfer,Pennsylvania,Philadelphia,1,0,71,0,0,1,0,0
3/10/2019,/communityengagement/thank-you-our-wonderful-2017-2018-doce-team,google,organic,(not set),(not set),Minnesota,Plymouth,1,0,15,0,0,1,0,0
3/10/2019,/everyone-transfer-students/thank-you,google,cpc,Transfer Your Credits,FY2019_Transfer,Massachusetts,Boston,1,0,14,0,0,1,0,0
3/11/2019,/everyone-graduate-degree-seekers/thank-you,google,cpc,Graduate Degree Programs,FY2019_Graduate,Maine,Rumford,1,0,26,0,0,1,0,0
3/11/2019,/everyone-graduate-degree-seekers/thank-you,google,cpc,University of Southern Maine,FY2019_Graduate,Maine,Orono,1,1,0,1,0,1,1,0
3/11/2019,/everyone-graduate-degree-seekers/thank-you,google,cpc,University of Southern Maine,FY2019_Graduate,Maine,Portland,1,0,6,0,0,1,0,0
3/11/2019,/everyone-graduate-degree-seekers/thank-you,google,cpc,University of Southern Maine,FY2019_Graduate,Maine,Scarborough,1,0,237,0,0,1,0,0
3/11/2019,/everyone-graduate-degree-seekers/thank-you,google,cpc,University of Southern Maine,FY2019_Graduate,Massachusetts,Boston,1,0,0,0,0,1,1,0
3/11/2019,/everyone-high-school-students/thank-you,google,cpc,Undergraduate Degree Programs,FY2019_Undergrad,Djibouti,Djibouti,1,0,0,0,0,1,1,0
3/12/2019,/everyone-high-school-students/thank-you,google,cpc,Undergraduate Degree Programs,FY2019_Undergrad,Maine,(not set),1,0,0,0,0,1,1,0
3/12/2019,/everyone-high-school-students/thank-you,google,cpc,Undergraduate Degree Programs,FY2019_Undergrad,Massachusetts,Marshfield,1,0,76,0,0,1,0,0
3/12/2019,/everyone-high-school-students/thank-you,google,cpc,Undergraduate Degree Programs,FY2019_Undergrad,Punjab,Lahore,1,0,76,0,0,1,0,0
3/13/2019,/everyone-graduate-degree-seekers/thank-you,google,cpc,Univ. of Southern Maine,FY2019_Graduate,Maine,Bath,1,0,27,0,0,1,0,0
3/13/2019,/everyone-high-school-students/thank-you,google,cpc,Undergraduate Degree Programs,FY2019_Undergrad,La Libertad Department,(not set),1,0,43,0,0,2,0,0
3/13/2019,/everyone-high-school-students/thank-you,google,cpc,Undergraduate Degree Programs,FY2019_Undergrad,North Carolina,Greenville,1,0,6,0,0,1,0,0
3/13/2019,/everyone-high-school-students/thank-you,google,organic,(not set),(not set),Massachusetts,Weymouth,1,0,18,0,0,1,0,0
3/13/2019,/everyone-online-degree-seekers/thank-you,google,cpc,University of Southern Maine,FY2019_Online,Maine,Augusta,1,0,0,0,0,1,1,0
3/14/2019,/everyone-high-school-students/thank-you,(direct),(none),(not set),(not set),Tennessee,Memphis,23,23,0,23,23,23,23,0
3/14/2019,/everyone-high-school-students/thank-you,0.0.0.0:4444,referral,(not set),(not set),Tennessee,Memphis,1,1,0,1,1,1,1,0
3/14/2019,/everyone-high-school-students/thank-you,0.0.0.0:4723,referral,(not set),(not set),Tennessee,Memphis,2,2,0,2,2,2,2,0
3/14/2019,/everyone-high-school-students/thank-you,google,cpc,(not set),(not set),Cairo Governorate,Cairo,1,0,28,0,0,1,0,0
3/14/2019,/everyone-high-school-students/thank-you,google,cpc,Undergraduate Degree Programs,FY2019_Undergrad,Connecticut,Wallingford,1,0,6,0,0,1,0,0
3/14/2019,/everyone-high-school-students/thank-you,google,cpc,Undergraduate Degree Programs,FY2019_Undergrad,Massachusetts,Haverhill,1,0,8,0,0,1,0,0
3/14/2019,/everyone-high-school-students/thank-you,google,cpc,Undergraduate Degree Programs,FY2019_Undergrad,National Capital District,Port Moresby,1,0,226,0,0,1,0,0
3/14/2019,/everyone-transfer-students/thank-you,google,cpc,Transfer College,FY2019_Transfer,New Hampshire,Sunapee,1,0,0,0,0,1,1,0
3/14/2019,/everyone-transfer-students/thank-you,google,cpc,Transfer College,FY2019_Transfer,Vermont,Saint Albans City,1,1,0,1,0,1,1,0
3/15/2019,/everyone-high-school-students/thank-you,google,cpc,Undergraduate Degree Programs,FY2019_Undergrad,Florida,(not set),1,0,0,0,0,1,1,0
3/15/2019,/everyone-high-school-students/thank-you,google,cpc,Undergraduate Degree Programs,FY2019_Undergrad,Maine,(not set),1,0,22,0,0,1,0,0
3/16/2019,/everyone-high-school-students/thank-you,google,cpc,Undergraduate Degree Programs,FY2019_Undergrad,(not set),Oranjestad,1,0,0,0,0,1,1,0
3/16/2019,/everyone-high-school-students/thank-you,google,cpc,Undergraduate Degree Programs,FY2019_Undergrad,New Hampshire,Kingston,1,0,0,0,0,1,1,0
3/16/2019,/everyone-transfer-students/thank-you,google,cpc,Transfer College,FY2019_Transfer,Maine,Thorndike,1,0,40,0,0,1,0,0
3/16/2019,/everyone-transfer-students/thank-you,google,cpc,Transfer College,FY2019_Transfer,Vermont,Milton,1,1,0,1,0,1,1,0
3/16/2019,/everyone-transfer-students/thank-you,google,cpc,Transfer Your Credits,FY2019_Transfer,Cairo Governorate,Cairo,1,0,0,0,0,1,1,0
3/17/2019,/everyone-graduate-degree-seekers/thank-you,google,cpc,University of Southern Maine,FY2019_Graduate,Maine,Westbrook,1,0,8,0,0,1,0,0
3/17/2019,/everyone-high-school-students/thank-you,google,cpc,(not set),(not set),Lagos,Lagos,1,0,56,0,0,2,0,0
3/17/2019,/everyone-high-school-students/thank-you,google,cpc,Undergraduate Degree Programs,FY2019_Undergrad,Chisinau,Chisinau,1,0,0,0,0,1,1,0
3/17/2019,/everyone-high-school-students/thank-you,google,cpc,Undergraduate Degree Programs,FY2019_Undergrad,New Hampshire,Derry,1,1,0,1,0,1,1,0
3/17/2019,/everyone-online-degree-seekers/thank-you,google,cpc,University of Southern Maine,FY2019_Online,Florida,Miramar,1,0,95,0,0,2,0,0
3/18/2019,/everyone-graduate-degree-seekers/thank-you,google,cpc,Graduate Degree Programs,FY2019_Graduate,Greater Accra Region,Accra,1,0,13,0,0,2,1,0
3/18/2019,/everyone-high-school-students/thank-you,google,cpc,Undergraduate Degree Programs,FY2019_Undergrad,(not set),(not set),1,0,50,0,0,1,0,0
3/18/2019,/everyone-high-school-students/thank-you,google,cpc,Undergraduate Degree Programs,FY2019_Undergrad,New York,Larchmont,1,0,25,0,0,1,0,0
3/18/2019,/everyone-transfer-students/thank-you,google,cpc,Transfer Your Credits,FY2019_Transfer,North Carolina,Charlotte,1,0,21,0,0,2,0,0
3/19/2019,/everyone-high-school-students/thank-you,google,cpc,Undergraduate Degree Programs,FY2019_Undergrad,Kigali City,Kigali,1,0,33,0,0,1,0,0
3/19/2019,/everyone-transfer-students/thank-you,google,cpc,Transfer College,FY2019_Transfer,Maine,Sanford,1,0,149,0,0,1,0,0
3/19/2019,/everyone-transfer-students/thank-you,google,cpc,Transfer College,FY2019_Transfer,Massachusetts,Easton,1,0,28,0,0,1,0,0
3/20/2019,/everyone-degree-completion/thank-you,LinkedIn,InMail,fa19_ig_li_text_wa_dc_s_1,FY2019_DegreeCompletion,Ohio,Alliance,1,0,14,0,0,1,0,0
3/20/2019,/everyone-graduate-degree-seekers/thank-you,google,cpc,Graduate Degree Programs,FY2019_Graduate,Greater Accra Region,Accra,1,0,14,0,0,1,0,0
3/21/2019,/everyone-degree-completion/thank-you,LinkedIn,InMail,fa19_ig_li_text_wa_dc_s_1,FY2019_DegreeCompletion,New Hampshire,Weare,1,0,0,0,0,1,1,0
3/21/2019,/everyone-graduate-degree-seekers/thank-you,Facebook,Page Link,fa19_ig_fb_disp_cu_gr_s_2,FY2019_Graduate,Maine,Portland,1,0,0,0,0,1,1,0
3/21/2019,/everyone-graduate-degree-seekers/thank-you,google,cpc,University of Southern Maine,FY2019_Graduate,Maine,Brunswick,1,0,9,0,0,1,0,0
3/21/2019,/everyone-high-school-students/thank-you,google,cpc,Earn Your Bachelor's Degree,FY2019_Undergrad,(not set),Monrovia,1,0,110,0,0,1,0,0
3/21/2019,/everyone-high-school-students/thank-you,google,cpc,Undergraduate Degree Programs,FY2019_Undergrad,Massachusetts,Boston,1,0,21,0,0,1,0,0
3/22/2019,/communityengagement/thank-you-our-wonderful-2017-2018-doce-team,google,organic,(not set),(not set),New York,White Plains,1,0,28,0,0,1,0,0
3/22/2019,/everyone-graduate-degree-seekers/thank-you,google,cpc,Univ. of Southern Maine,FY2019_Graduate,Maine,Kennebunk,1,0,33,0,0,1,0,0
3/22/2019,/everyone-high-school-students/thank-you,google,cpc,Undergraduate Degree Programs,FY2019_Undergrad,Addis Ababa,Addis Ababa,1,0,34,0,0,1,0,0
3/22/2019,/everyone-high-school-students/thank-you,google,cpc,Undergraduate Degree Programs,FY2019_Undergrad,Massachusetts,Agawam,1,0,13,0,0,1,0,0
3/22/2019,/everyone-high-school-students/thank-you,google,cpc,Undergraduate Degree Programs,FY2019_Undergrad,Panama,(not set),1,0,20,0,0,1,0,0
3/22/2019,/everyone-high-school-students/thank-you,google,organic,(not set),(not set),Uttar Pradesh,Lucknow,1,0,61,0,0,1,0,0
3/22/2019,/everyone-online-degree-seekers/thank-you,google,cpc,Online Degree Program,FY2019_Online,Maine,Searsmont,1,0,15,0,0,1,0,0
3/23/2019,/everyone-high-school-students/thank-you,google,cpc,Undergraduate Degree Programs,FY2019_Undergrad,Connecticut,Stamford,1,0,22,0,0,1,0,0
3/23/2019,/everyone-high-school-students/thank-you,google,cpc,Undergraduate Degree Programs,FY2019_Undergrad,Kigali City,Kigali,1,0,103,0,0,1,0,0
3/23/2019,/everyone-online-degree-seekers/thank-you,google,cpc,University of Southern Maine,FY2019_Online,New York,New York,1,0,22,0,0,1,0,0
3/24/2019,/everyone-graduate-degree-seekers/thank-you,google,cpc,Master's Degree Programs,FY2019_Graduate,Maine,Windham,1,0,47,0,0,1,0,0
3/24/2019,/everyone-high-school-students/thank-you,google,cpc,Undergraduate Degree Programs,FY2019_Undergrad,Ouest Department,Port-au-Prince,1,0,80,0,0,2,0,0
3/24/2019,/everyone-online-degree-seekers/thank-you,google,cpc,University of Southern Maine,FY2019_Online,Maine,Portland,1,0,9,0,0,1,0,0
3/25/2019,/everyone-graduate-degree-seekers/thank-you,google,cpc,Graduate Degree Programs,FY2019_Graduate,New York,Brockport,1,0,0,0,0,1,1,0
3/25/2019,/everyone-transfer-students/thank-you,google,cpc,Earn Your Degree in Maine,FY2019_Transfer,Addis Ababa,Addis Ababa,1,0,0,0,0,1,1,0
3/25/2019,/everyone-transfer-students/thank-you,google,cpc,Transfer College,FY2019_Transfer,Vermont,Castleton,1,0,27,0,0,1,0,0
3/26/2019,/everyone-high-school-students/thank-you,google,cpc,Undergraduate Degree Programs,FY2019_Undergrad,Maine,Norridgewock,1,0,28,0,0,1,0,0
3/26/2019,/everyone-high-school-students/thank-you,google,cpc,Undergraduate Degree Programs,FY2019_Undergrad,Massachusetts,Boston,1,0,0,0,0,1,1,0
3/26/2019,/everyone-transfer-students/thank-you,google,cpc,Transfer College,FY2019_Transfer,Colorado,Denver,1,0,0,0,0,1,1,0
3/27/2019,/everyone-graduate-degree-seekers/thank-you,google,cpc,Master's Degree Programs,FY2019_Graduate,Maine,Portland,1,0,307,0,0,1,0,0
3/27/2019,/everyone-high-school-students/thank-you,google,cpc,Undergraduate Degree Programs,FY2019_Undergrad,Alaska,Anchorage,1,0,43,0,0,1,0,0
3/27/2019,/everyone-transfer-students/thank-you,google,cpc,Transfer College,FY2019_Transfer,(not set),(not set),1,0,0,0,0,1,1,0
3/28/2019,/everyone-graduate-degree-seekers/thank-you,google,cpc,Univ. of Southern Maine,FY2019_Graduate,Texas,Austin,1,0,0,0,0,1,1,0
3/28/2019,/everyone-graduate-degree-seekers/thank-you,google,cpc,University of Southern Maine,FY2019_Graduate,Rhode Island,Charlestown,1,0,0,0,0,1,1,0
3/28/2019,/everyone-high-school-students/thank-you,google,cpc,Undergraduate Degree Programs,FY2019_Undergrad,Kigali City,Kigali,2,0,338,0,0,2,0,0
3/28/2019,/everyone-online-degree-seekers/thank-you,google,cpc,Bachelor's Degree Program,FY2019_Online,Penang,Butterworth,1,0,49,0,0,1,0,0
3/28/2019,/everyone-transfer-students/thank-you,google,organic,(not set),(not set),Maine,Biddeford,1,0,40,0,0,1,0,0
3/28/2019,/everyone-transfer-students/thank-you,google,organic,(not set),(not set),Vermont,Castleton,1,1,0,1,0,1,1,0
3/29/2019,/everyone-graduate-degree-seekers/thank-you,google,cpc,Master's Degree Program,FY2019_Graduate,Maine,Lewiston,2,0,18,0,0,2,1,0
3/29/2019,/everyone-graduate-degree-seekers/thank-you,google,cpc,Univ. of Southern Maine,FY2019_Graduate,Maine,Brunswick,1,0,51,0,0,3,0,0
3/29/2019,/everyone-graduate-degree-seekers/thank-you,google,cpc,Univ. of Southern Maine,FY2019_Graduate,Maine,Orono,1,0,16,0,0,2,1,0
3/29/2019,/everyone-high-school-students/thank-you,google,cpc,Undergraduate Degree Programs,FY2019_Undergrad,Florida,Golden Gate,1,0,10,0,0,1,0,0
3/29/2019,/everyone-high-school-students/thank-you,google,cpc,Undergraduate Degree Programs,FY2019_Undergrad,Lagos,Lagos,1,0,0,0,0,1,1,0
3/29/2019,/everyone-high-school-students/thank-you,google,cpc,Undergraduate Degree Programs,FY2019_Undergrad,New Hampshire,Hollis,1,0,9,0,0,1,0,0
3/29/2019,/everyone-transfer-students/thank-you,google,cpc,Earn Your Maine College Degree,FY2019_Transfer,Massachusetts,Boston,1,0,45,0,0,1,0,0
3/30/2019,/everyone-high-school-students/thank-you,google,cpc,Undergraduate Degree Programs,FY2019_Undergrad,Kigali City,Kigali,1,0,41,0,0,1,0,0
3/30/2019,/everyone-high-school-students/thank-you,google,cpc,Undergraduate Degree Programs,FY2019_Undergrad,New Hampshire,Manchester,1,0,0,0,0,1,1,0
3/30/2019,/everyone-transfer-students/thank-you,google,cpc,Earn Your Degree in Maine,FY2019_Transfer,(not set),Oranjestad,1,0,0,0,0,1,1,0
